species	Merian	nb_fusion	nb_fission	size	chrom_size	tot_bp_A	tot_bp_B	avg_PC1	avg_insulation	avg_TAD_length	avg_ratio_inter_intra	avg_S	avg_slope_loglog_all	avg_slope_loglog_0_10	avg_R1_interchrom	avg_R1_interchrom_norRNA	strength
C0001	M1	2	0	20001502	20007652	7680000	11880000	-0.146385	0.0275954	258027	7.95905	2.46919	-0.448787	-0.749826	0.00100089	0.00100267	3.455701313
C0055	M1	0	1	22378215	11215000	7640000	12680000	-0.167968	0.0653342	278840	5.60682	2.36623	-0.331737	-0.311453	0.00143469	0.00144104	4.230266837
C0080	M1	4	5	21940215	45996402	6240000	14360000	-0.42583	0.142445	303437	1.59091	2.37789	-1.03335	-1.07669	4.88142e-4	4.89413e-4	3.564202858
C0100	M1	3	5	21939530	11747500	10000000	11240000	0.103062	0.0658567	277214	25.5045	2.26275	-0.408821	-0.408821	2.74802e-4	2.73644e-4	3.964699025
Eaethiops	M1	0	0	20068166	20139539	7800000	10760000	-0.197002	0.0774996	269444	18.9692	2.65249	-0.328168	-0.622947	8.5329e-4	8.53356e-4	3.091720382
Ealbergana	M1	2	0	19999729	33935044	11840000	6560000	-0.0767913	0.0122463	726405	1.19825	3.32589	-1.32763	-1.44567	0.00157326	0.00154968	3.286552607
Ebubastis	M1	0	0	22935167	22938684	6360000	15040000	-0.361839	0.083248	287635	12.1254	2.24358	-0.346511	-0.632304	2.42624e-4	2.43478e-4	3.293682468
Echristi	M1	0	0	24280933	24328281	6000000	17520000	-0.350952	0.0339122	303143	11.462	2.53268	-0.614217	-0.797929	3.68967e-4	3.72581e-4	2.869412287
Edisa	M1	0	0	25999289	26068671	6920000	17080000	-0.325622	0.0755563	292072	10.1306	2.15782	-0.353291	-0.632538	6.89198e-4	6.90819e-4	3.38037358
Eembla	M1	0	0	25215718	25258942	7040000	16200000	-0.302486	0.0713142	314077	9.88243	2.15395	-0.345911	-0.584872	0.00148448	0.00148165	3.126663229
Eepiphron	M1	0	0	22975860	23075543	6920000	14360000	-0.310115	0.0893254	284067	13.0325	2.1051	-0.806956	-1.05074	0.001268	0.00128662	2.908331956
Eeriphyle	M1	0	0	22314800	22332837	8160000	13240000	-0.226125	0.0396141	282658	6.45365	2.23417	-0.337681	-0.625306	7.62147e-4	7.58126e-4	3.981573336
Eflavofasciata	M1	0	0	23279352	23391936	7960000	14320000	-0.274018	0.0423916	274639	5.72002	2.4796	-0.560886	-0.73253	6.42096e-4	6.38841e-4	3.021416934
Egorge	M1	2	0	20687960	31933552	5360000	14480000	-0.309992	-0.00484581	247558	7.06664	2.29413	-0.876978	-0.924389	6.74745e-4	6.76411e-4	3.271292503
Eligea	M1	0	0	22677958	22695020	6280000	14840000	-0.383827	0.0420914	291932	0.584763	2.61023	-0.551165	-0.784233	0.0022725	0.00229306	3.472522281
Emanto	M1	0	0	22944927	22965644	6560000	15240000	-0.301698	0.0536609	288203	15.5681	2.43023	-0.548923	-0.828694	3.36909e-4	3.3561e-4	2.769629361
Emedusa	M1	4	2	20592927	57750468	4840000	14920000	-0.30661	0.108231	289304	5.47965	2.31753	-0.788539	-0.889082	2.73589e-4	2.755e-4	2.222459781
Emelampus	M1	0	0	21337275	21379093	5560000	14680000	-0.304224	0.0599641	283229	11.4702	2.32505	-0.430968	-0.740936	4.42683e-4	4.42651e-4	3.262234504
Emelancholica	M1	1	0	21818721	21833052	6040000	14880000	-0.323929	0.0580529	261615	15.729	2.27586	-0.31735	-0.643486	7.42899e-4	7.47555e-4	2.999436109
Emeolans	M1	2	0	21193007	37484814	6760000	13760000	-0.279364	0.0427622	279863	6.24551	2.1932	-0.859027	-0.93403	3.62764e-4	3.63427e-4	3.014187178
Emnestra	M1	1	0	20003507	39848818	6440000	12760000	-0.312287	0.0898343	302422	5.25118	2.24259	-0.899327	-1.01061	4.15157e-4	4.15176e-4	2.794711694
Emontana	M1	1	0	23606023	23696043	5360000	16960000	-0.338426	0.0795511	282120	13.6026	2.29087	-0.423147	-0.670149	2.13138e-4	2.12487e-4	2.434231619
Epalarica	M1	2	0	22349826	39377617	10680000	10880000	0.0614572	0.0389305	269367	3.68593	2.5148	-1.03249	-1.11386	9.81522e-4	9.88544e-4	2.739275478
Epharte	M1	0	0	26630015	26794021	4760000	13560000	-0.431641	0.0936634	380338	1.98025	2.6291	-0.690824	-0.845031	0.00246439	0.00247114	3.215364286
Epronoe	M1	1	0	21995146	22042943	5280000	11960000	-0.430216	0.0660813	372263	2.7903	2.75809	-0.766496	-0.902391	0.00265832	0.00266923	3.272000942
Erondoui	M1	6	7	23854382	19552300	7760000	14720000	-0.222912	0.110898	304932	15.8613	2.22981	-0.33996	-0.547154	6.49483e-4	6.45818e-4	3.172651606
Estirius	M1	1	0	22741514	22800711	6520000	14960000	-0.357264	0.0515287	265988	6.83294	2.30415	-0.487233	-0.712002	5.14349e-4	5.15851e-4	3.017426985
Esudetica	M1	0	0	21619426	21625732	7080000	13280000	-0.314236	0.0793706	263605	15.7116	2.39723	-0.451679	-0.818092	3.76345e-4	3.75698e-4	3.408639497
Etriaria	M1	4	2	20115091	20211136	6320000	13000000	-0.29562	0.0566823	272648	15.6449	2.26698	-0.448285	-0.83165	8.00712e-4	8.07466e-4	2.862045851
Mcinxia	M1	0	0	NA	NA	NA	NA	NA	NA	NA	NA	NA	NA	NA	NA	NA	NA
Mjurtina	M1	0	0	17284988	17292425	NA	NA	NA	NA	242682	20.8058	2.19361	-0.345593	-0.483386	3.69227e-4	3.68545e-4	2.936872728
X2575	M1	0	0	23681189	23706286	15920000	6240000	0.347182	0.0489289	265736	2.32874	2.45187	-0.494042	-0.613023	0.0016766	0.00170313	3.391954163
X2576	M1	0	0	24394828	24489931	7200000	15400000	-0.297163	0.0544504	295052	2.28787	2.47882	-0.431565	-0.608576	0.00172213	0.00171796	3.22222374
X3252	M1	0	0	23801270	23885979	6600000	15760000	-0.282224	0.0584334	323875	5.21768	2.51558	-0.261253	-0.515356	0.00125313	0.00125402	3.234530591
X3258	M1	4	5	22187730	44836625	6400000	14320000	-0.310313	0.134515	287267	2.72124	2.2942	-0.939126	-0.882564	0.00125001	0.00125644	3.239868165
X3311	M1	1	0	20143257	36925002	9760000	9560000	0.0887398	0.0323369	257184	3.62954	2.24819	-0.719756	-0.828012	0.00180076	0.00178613	3.141723529
X3506	M1	1	0	23711066	23788798	7640000	14120000	-0.340749	0.0479126	272488	1.02678	2.4133	-0.585	-0.811687	9.01813e-4	9.05694e-4	4.532650173
X3531	M1	6	7	22406614	72478779	15680000	5440000	0.161299	0.17809	286153	0.888901	2.37599	-1.04004	-0.990404	0.00133954	0.00133574	3.53183437
X3737	M1	4	5	21153930	42828383	9640000	10720000	0.148507	0.115857	281164	1.61001	2.1719	-1.01912	-1.0148	0.00144236	0.00144056	3.575771567
C0001	M10	5	1	15291023	29433780	6720000	8120000	0.0299204	0.0370163	306245	4.78969	2.46321	-0.602417	-0.643347	0.00107975	0.00107574	3.454095513
C0055	M10	1	1	16042308	17811176	6000000	9040000	-0.045386	0.0332289	284167	2.89278	2.35062	-0.559426	-0.673167	0.00140402	0.00141555	4.771964578
C0080	M10	6	5	15358248	70805572	3080000	11760000	-0.540974	0.133695	284075	1.19034	2.30767	-0.769792	-0.832509	5.09287e-4	5.04737e-4	4.093894114
C0100	M10	5	5	16358123	11970299	7240000	8480000	0.108879	0.0332235	300020	21.4962	2.2482	-0.55157	-0.55157	2.73907e-4	2.74186e-4	6.766810389
Eaethiops	M10	3	3	14890556	26157013	5760000	8120000	-0.116099	0.110483	325289	14.3957	2.63985	-0.414708	-0.500552	8.58961e-4	8.59464e-4	3.089590731
Ealbergana	M10	3	1	15545687	15675161	6080000	8120000	0.186797	0.0148017	1107670	1.96147	3.35698	-0.73756	-0.848013	0.00154549	0.00155116	6.767794787
Ebubastis	M10	0	0	16460396	16485031	10400000	5400000	0.259164	0.0499831	251794	17.4043	2.19507	-0.297718	-0.400036	2.39022e-4	2.36708e-4	5.783343837
Echristi	M10	6	4	18217018	18398781	10960000	6480000	0.241141	0.029876	285393	15.5658	2.48119	-0.466842	-0.585011	3.72169e-4	3.74603e-4	4.234724003
Edisa	M10	0	0	19020830	19188788	10400000	6840000	0.240819	0.0820047	323931	14.5726	2.09155	-0.388927	-0.521259	6.75157e-4	6.74193e-4	5.632976546
Eembla	M10	0	0	17594435	17776010	10440000	6040000	0.235491	0.0739915	309618	15.165	2.11189	-0.348489	-0.453123	0.00148896	0.00150728	4.958729251
Eepiphron	M10	8	4	16640309	55946633	NA	NA	NA	NA	276746	NA	NA	-0.949664	-0.997555	0.00118933	0.00117649	3.476424903
Eeriphyle	M10	1	0	16682347	16688256	7760000	8120000	0.222275	0.0488689	309077	9.0092	2.18723	-0.340278	-0.416266	7.49156e-4	7.53993e-4	8.17269172
Eflavofasciata	M10	6	4	18640921	60306531	NA	NA	NA	NA	354088	NA	NA	-0.71566	-0.71581	6.64351e-4	6.62745e-4	2.530640448
Egorge	M10	5	1	15677223	36499850	5600000	9480000	-0.173844	0.0522858	319542	6.11469	2.28664	-0.571723	-0.6231	6.98643e-4	6.96395e-4	3.794682534
Eligea	M10	1	0	16496273	16631695	8160000	7200000	0.262718	0.0381071	308980	0.801814	2.58184	-0.394454	-0.476741	0.00229189	0.0022978	5.828132931
Emanto	M10	0	0	16898406	16958820	6080000	10040000	-0.142005	0.0436319	301855	21.5092	2.39205	-0.400489	-0.568122	3.26041e-4	3.25647e-4	3.340670499
Emedusa	M10	5	3	15524859	57750468	1840000	13120000	-0.488027	0.0643139	307312	5.40279	2.23043	-0.56437	-0.627377	2.75386e-4	2.7621e-4	2.426281242
Emelampus	M10	2	1	15424094	35533038	9920000	4880000	0.249553	0.154687	297440	6.42167	2.27175	-0.641812	-0.651709	4.48451e-4	4.49602e-4	3.487225388
Emelancholica	M10	4	3	16008556	16020050	5640000	9880000	-0.159221	0.0360204	284630	21.5783	2.23267	-0.260851	-0.396454	7.64783e-4	7.65808e-4	3.863197407
Emeolans	M10	3	1	16269947	37484814	5640000	10120000	-0.233718	0.0350108	291073	6.07923	2.14751	-0.711545	-0.765046	3.64439e-4	3.61285e-4	3.377085594
Emnestra	M10	3	1	14583093	33953333	3160000	10840000	-0.380089	0.0207119	293532	6.18722	2.21791	-0.659168	-0.717784	4.03937e-4	4.05633e-4	3.507396663
Emontana	M10	4	3	17934100	18119714	11240000	5520000	0.253936	0.0821543	308965	18.38	2.28826	-0.39154	-0.494752	2.13687e-4	2.11591e-4	3.989923767
Epalarica	M10	3	1	16859927	39377617	8560000	7640000	0.203208	0.0366182	316875	3.70583	2.51043	-0.920509	-0.990117	0.00104723	0.0010688	2.905402055
Epharte	M10	8	4	24374963	46894978	9560000	4320000	0.407143	-0.022931	546410	1.22738	2.73384	-1.52679	-0.906685	0.00252667	0.00251644	3.157063263
Erondoui	M10	5	6	17228896	21840349	9760000	6400000	0.268088	0.047153	317942	13.7031	2.13888	-0.485633	-0.518533	6.43574e-4	6.43667e-4	4.812123608
Estirius	M10	4	3	16859526	17264052	10120000	5840000	0.229037	0.0538729	276305	9.33249	2.27057	-0.496333	-0.548576	4.88864e-4	4.83323e-4	4.551668119
Esudetica	M10	2	1	15655777	35197135	4360000	10520000	-0.363165	0.141899	269782	8.94146	2.33814	-0.60877	-0.67476	3.69606e-4	3.70528e-4	3.097135164
Etriaria	M10	5	3	15770119	31128320	5040000	9800000	-0.279686	0.0871992	296392	9.80075	2.24226	-0.765569	-0.781301	8.07603e-4	8.05206e-4	2.748720627
Mcinxia	M10	0	0	NA	NA	NA	NA	NA	NA	NA	NA	NA	NA	NA	NA	NA	NA
Mjurtina	M10	0	0	13165949	13186474	NA	NA	NA	NA	299857	27.3735	2.18098	-0.244704	-0.301417	3.72308e-4	3.72346e-4	4.709213447
X2575	M10	1	0	17711800	29977464	12720000	3920000	0.37055	-0.00634553	299737	1.54099	2.39715	-0.584763	-0.563728	0.00168346	0.00168538	5.094517934
X2576	M10	1	0	18672491	30594791	13240000	4040000	0.343979	0.00479716	326655	1.53616	2.40488	-0.583059	-0.593093	0.00176693	0.00177988	4.428962644
X3252	M10	0	0	17479227	17762016	5600000	10680000	-0.16147	0.0722654	346429	7.42139	2.50627	-0.241043	-0.348332	0.00127444	0.00127386	3.556662171
X3258	M10	6	5	15901274	35515812	6320000	8560000	0.0974365	0.05566	289509	3.37758	2.26727	-0.681488	-0.688061	0.00124133	0.00123932	4.195058238
X3311	M10	3	3	15344861	15708354	6760000	7960000	0.137581	0.0418918	293540	10.9393	2.22919	-0.388586	-0.463595	0.00175921	0.00171415	4.632767143
X3506	M10	3	3	17314256	17455240	8440000	7560000	0.262791	0.0366687	274836	1.44969	2.38484	-0.467098	-0.53247	8.83711e-4	8.98875e-4	7.935827141
X3531	M10	5	6	16313001	36500410	7160000	8120000	0.027582	0.0612454	289164	1.23033	2.35721	-0.768927	-0.73871	0.00131555	0.00130578	4.965675284
X3737	M10	6	5	15450969	34546244	7440000	7080000	0.27591	0.0518799	266464	1.95003	2.15072	-0.725676	-0.775544	0.00148013	0.00146555	6.038381517
C0001	M11	3	0	14608104	26426895	1600000	12680000	-0.548103	0.205055	272769	5.85419	2.41309	-0.43659	-0.505387	9.98975e-4	9.83313e-4	3.338632871
C0055	M11	1	2	16174455	9632780	7080000	7920000	0.00126532	0.0413498	264000	6.72133	2.14943	-0.256909	-0.256909	0.00141602	0.00142775	5.206596298
C0080	M11	4	10	17218771	70805572	6840000	9200000	-0.211923	-0.0479266	303964	0.738207	2.27686	-1.07273	-1.06299	5.51951e-4	5.55786e-4	4.336593747
C0100	M11	3	10	15597779	11130416	7920000	7080000	0.194139	0.0349782	276192	23.7422	2.1866	-0.445312	-0.445312	2.73284e-4	2.72894e-4	4.330174389
Eaethiops	M11	4	0	14933647	25576549	5920000	7840000	-0.1586	-0.0180686	313149	14.587	2.58829	-0.454899	-0.488256	8.52284e-4	8.5604e-4	3.419269094
Ealbergana	M11	4	0	14892931	43193744	6760000	6960000	0.0358637	0.0354632	722500	1.10124	3.34141	-0.992989	-1.04388	0.0016036	0.00160516	3.415066751
Ebubastis	M11	0	0	16856979	17155474	6840000	9200000	-0.158884	0.0540538	275475	16.6214	2.11964	-0.320091	-0.383544	2.444e-4	2.44129e-4	4.238860537
Echristi	M11	4	0	17964755	18157570	8400000	8960000	0.110192	0.0259129	290983	15.422	2.35067	-0.362975	-0.50965800000000006	3.72899e-4	3.71783e-4	4.146946857
Edisa	M11	0	0	18907712	19200405	8640000	9040000	0.143769	0.0739567	301770	14.0667	2.03548	-0.261901	-0.399528	7.23317e-4	7.16641e-4	4.243318123
Eembla	M11	0	0	18451797	18721418	7600000	9400000	-0.0232046	0.0699607	298933	14.0088	2.0358	-0.335234	-0.440233	0.00148471	0.00148507	4.017648177
Eepiphron	M11	6	0	17529094	56014570	12200000	3840000	0.316905	0.0932368	289288	4.76019	2.02938	-0.885494	-0.887708	0.00123609	0.0012261800000000001	3.775300857
Eeriphyle	M11	0	0	16442307	16811643	7920000	7920000	0.153521	0.0346642	288055	8.69224	2.05573	-0.313752	-0.352716	8.07068e-4	8.00908e-4	6.09116501
Eflavofasciata	M11	4	0	17673505	18014361	7600000	9200000	-0.017171	0.0405718	282623	7.71153	2.34524	-0.425089	-0.506567	6.59732e-4	6.58218e-4	3.962885134
Egorge	M11	3	0	15194334	27196207	12320000	2360000	0.460885	0.1994	287902	8.68852	2.18188	-0.533601	-0.572984	6.83578e-4	6.8289e-4	4.239625914
Eligea	M11	0	0	16808264	17119051	7800000	7920000	0.199486	0.0253913	295582	0.786613	2.49279	-0.369505	-0.473572	0.00229084	0.00226107	4.766536957
Emanto	M11	0	0	16711768	16997760	6920000	9000000	-0.138677	0.0420305	299574	21.3059	2.30695	-0.376292	-0.526065	3.33517e-4	3.34759e-4	3.449965707
Emedusa	M11	5	0	15429326	44870653	1280000	13280000	-0.495774	0.215036	299020	7.55659	2.20714	-0.826269	-0.817807	2.68792e-4	2.68948e-4	2.729160219
Emelampus	M11	2	0	15668574	33101097	6440000	8440000	-0.206438	0.0244363	265175	6.60851	2.17176	-0.561786	-0.606206	4.67457e-4	4.67093e-4	3.931916489
Emelancholica	M11	6	0	16070314	34916912	5800000	9680000	-0.269189	0.0589464	256016	8.97484	2.12436	-0.509781	-0.54285	7.48257e-4	7.50424e-4	3.696594534
Emeolans	M11	5	0	15372218	26430923	2840000	12080000	-0.499181	0.185067	301347	9.8024	2.073	-0.678972	-0.682814	3.54531e-4	3.53958e-4	3.760183781
Emnestra	M11	3	0	14552608	26784248	2080000	11960000	-0.587731	0.178845	294830	9.09686	2.14516	-0.594076	-0.633032	4.00664e-4	4.03723e-4	4.121955187
Epalarica	M11	5	0	15967616	26909467	1640000	13680000	-0.593985	0.1431	292302	5.71432	2.47261	-0.699426	-0.811672	0.0010171	0.00102974	2.959867865
Epharte	M11	6	0	20522229	20544297	10160000	3520000	0.403191	0.0883611	543894	2.16327	2.60551	-0.401118	-0.610489	0.00250084	0.00249373	4.221225421
Epronoe	M11	5	0	15457819	15537202	9840000	2640000	0.440033	0.0390816	424600	3.49834	2.75184	-0.628259	-0.716949	0.00272534	0.00273261	3.925278851
Erondoui	M11	3	11	17008897	20235821	8880000	7160000	0.242597	0.0217238	311858	14.8637	2.03668	-0.41029	-0.47721	6.60522e-4	6.65394e-4	3.979090087
Estirius	M11	7	0	16513632	35319501	6800000	8800000	-0.150965	0.0242271	301538	4.36162	2.15922	-0.454481	-0.481796	4.9893e-4	4.95724e-4	1.351462724
Esudetica	M11	2	0	15813033	33653295	6680000	8200000	-0.223906	0.0717786	287264	9.04203	2.26171	-0.577789	-0.719383	3.71725e-4	3.71252e-4	4.052369268
Etriaria	M11	5	0	15532916	43386010	2000000	12880000	-0.476873	0.173436	285208	6.54366	2.19349	-0.780588	-0.814185	8.38891e-4	8.49402e-4	3.092192195
Mcinxia	M11	0	0	NA	NA	NA	NA	NA	NA	NA	NA	NA	NA	NA	NA	NA	NA
Mjurtina	M11	0	0	13242857	13253843	NA	NA	NA	NA	275261	27.4831	2.05528	-0.265338	-0.312341	4.00409e-4	4.00591e-4	3.815855316
X2575	M11	0	0	17114926	17420321	7800000	8360000	0.143189	0.0285379	301182	3.13117	2.31491	-0.371984	-0.418526	0.00161524	0.00162122	4.937400364
X2576	M11	0	0	18055573	18355021	8400000	8200000	0.168216	0.0513027	291050	3.12536	2.32608	-0.426846	-0.467568	0.00169511	0.00170828	4.241500047
X3252	M11	0	0	17434244	17816364	7200000	8800000	-0.131016	0.0727203	363617	7.34929	2.41512	-0.220903	-0.297147	0.00130028	0.00130785	3.934808358
X3258	M11	5	10	15163593	33368692	6760000	7520000	-0.0307282	0.0622204	287423	3.5991	2.17056	-0.566864	-0.603255	0.00126242	0.00127057	4.644036817
X3311	M11	5	0	14769550	34657205	6640000	7560000	0.0266576	0.0332579	251053	3.69534	2.13559	-0.534835	-0.545894	0.00181598	0.00185005	4.08127763
X3506	M11	5	0	17372747	17885883	8240000	7600000	0.17241	0.047622	274672	1.28519	2.26345	-0.522579	-0.575247	9.45369e-4	9.39466e-4	5.837749034
X3531	M11	3	11	15542410	33914588	7120000	7560000	-0.136105	0.0266909	265386	1.26684	2.24947	-0.652681	-0.66396	0.00131246	0.00131331	5.330943555
X3737	M11	5	10	16219249	53552572	9280000	6040000	0.302264	0.0308259	297038	0.946287	2.0803	-0.957095	-0.92963	0.00144598	0.00144324	4.404317875
C0001	M12	3	0	16740716	16827620	7040000	9160000	-0.118641	0.0419652	246109	9.42192	2.44061	-0.411715	-0.570155	0.0010259	0.00102911	2.975340975
C0055	M12	1	2	17807401	12571900	6640000	10160000	-0.254915	0.0644868	280129	3.86128	2.33292	-0.355446	-0.599034	0.00145401	0.00145616	4.009392795
C0080	M12	4	10	17418535	70805572	5680000	11000000	-0.400937	0.168886	294322	1.19086	2.33609	-0.730485	-0.831288	4.62769e-4	4.61504e-4	3.11309959
C0100	M12	3	10	17927316	8528477	7640000	9640000	0.140575	0.0513699	299696	29.7477	2.34717	-0.112503	-0.112503	2.70409e-4	2.7086e-4	3.669948821
Eaethiops	M12	3	0	17161218	33210166	6360000	9640000	-0.207291	0.0843033	339580	11.284	2.63161	-0.452023	-0.542469	8.58286e-4	8.6207e-4	2.601310587
Ealbergana	M12	3	0	17102447	27470423	5360000	10320000	-0.243885	0.00234517	836600	1.3859	3.34627	-1.00608	-1.11124	0.00153728	0.00153617	3.650822243
Ebubastis	M12	0	0	19161652	19189385	13600000	4560000	0.323355	0.0714037	312017	14.6405	2.15583	-0.251479	-0.490009	2.30801e-4	2.29723e-4	3.219252195
Echristi	M12	4	0	20159038	20168143	15080000	4320000	0.330522	0.0428647	347946	13.8332	2.42862	-0.423511	-0.603997	3.70437e-4	3.69673e-4	3.011825634
Edisa	M12	0	0	21626807	22036875	15240000	4440000	0.358901	0.0733647	319742	12.096	2.10679	-0.26827	-0.564848	7.0489e-4	7.06511e-4	3.43786834
Eembla	M12	0	0	20785071	20867828	15120000	4200000	0.324231	0.072619	304045	12.366	2.0851	-0.290765	-0.495318	0.00152503	0.00153588	3.095543217
Eepiphron	M12	5	0	19024844	19080431	13520000	4000000	0.317408	0.0884495	286312	15.5672	2.06533	-0.586511	-0.807681	0.00123865	0.00123379	2.953114025
Eeriphyle	M12	0	0	18564861	18578906	10440000	7360000	0.248415	0.0467117	300583	7.89742	2.14641	-0.286645	-0.464431	7.64025e-4	7.70215e-4	4.964208275
Eflavofasciata	M12	4	0	19000641	42941423	3800000	14440000	-0.424475	0.134122	287379	2.62323	2.40545	-0.601676	-0.674187	6.72275e-4	6.65741e-4	2.4206946
Egorge	M12	3	0	17542017	17587717	11600000	5360000	0.280187	0.0463395	297351	13.4892	2.21178	-0.323156	-0.542886	6.68283e-4	6.64905e-4	3.413301371
Eligea	M12	0	0	19141221	19184606	12960000	4760000	0.36216	0.0523251	275836	0.642226	2.56604	-0.395478	-0.568971	0.00233436	0.00236758	3.710872132
Emanto	M12	0	0	19257711	19263840	6280000	12120000	-0.291525	0.0531013	310367	18.5184	2.40024	-0.387962	-0.60651	3.41115e-4	3.42395e-4	2.732229836
Emedusa	M12	5	0	17577468	35353868	1920000	14720000	-0.413876	0.0348484	310352	9.52798	2.27909	-0.565209	-0.683477	2.82351e-4	2.78022e-4	2.10966269
Emelampus	M12	2	0	17174135	33101097	4800000	11720000	-0.307999	0.0840686	301179	6.69452	2.23526	-0.461917	-0.625901	4.43869e-4	4.45104e-4	2.584070027
Emelancholica	M12	6	2	18809259	34916912	5520000	12320000	-0.305458	0.034093	301746	8.83767	2.17443	-0.426078	-0.567227	7.63796e-4	7.67694e-4	2.46309139
Emeolans	M12	5	0	18202537	36933053	5800000	11760000	-0.260552	0.0931015	287613	6.34943	2.09725	-0.588982	-0.723287	3.76658e-4	3.74618e-4	2.504921791
Emnestra	M12	3	0	16088147	30938836	4680000	10840000	-0.356947	0.0674524	297415	6.69171	2.17166	-0.542904	-0.670844	3.98056e-4	3.97212e-4	2.565567023
Emontana	M12	6	2	19543383	19558752	14160000	4400000	0.296454	0.070908	319254	16.865	2.19874	-0.139461	-0.359181	2.12748e-4	2.10908e-4	3.087788428
Epalarica	M12	5	0	18693458	38426503	6280000	11720000	-0.152216	0.0842101	278015	3.58015	2.53524	-0.840892	-0.957366	0.00105279	0.00106581	2.290447647
Epharte	M12	5	0	22212479	46894978	12840000	2560000	0.5315	0.0848743	444043	1.06136	2.76186	-0.87752	-0.80872	0.0025727	0.00258529	2.828574048
Epronoe	M12	5	2	18456796	18497599	11120000	3240000	0.445198	0.0528237	520147	3.03978	2.83073	-0.64303	-0.752407	0.00270417	0.00270966	2.81441216
Erondoui	M12	3	11	19671077	18527300	13120000	5480000	0.266457	0.123137	328044	17.7465	2.14645	-0.212732	-0.460449	6.45094e-4	6.43047e-4	3.086342616
Estirius	M12	6	2	18611084	18718785	5800000	11880000	-0.299491	0.0551113	295541	8.50209	2.26014	-0.428833	-0.538492	5.08963e-4	5.08667e-4	3.053127658
Esudetica	M12	2	0	17604483	33653295	5000000	11600000	-0.368515	0.0741187	298155	9.11128	2.39241	-0.498898	-0.71767	3.83201e-4	3.79215e-4	2.577218673
Etriaria	M12	5	0	16584365	33870043	3280000	12760000	-0.425403	0.0277113	305868	8.43127	2.30853	-0.563817	-0.717114	8.17747e-4	8.2007e-4	2.692437306
Mcinxia	M12	0	0	NA	NA	NA	NA	NA	NA	NA	NA	NA	NA	NA	NA	NA	NA
Mjurtina	M12	0	0	15358694	15410841	NA	NA	NA	NA	276056	23.6002	2.11354	-0.29406	-0.356525	3.90069e-4	3.90621e-4	3.029217569
X2575	M12	0	0	19802056	19822844	13600000	4960000	0.32244	0.0477777	310000	2.67982	2.39277	-0.426424	-0.541259	0.00162776	0.00162598	3.412891327
X2576	M12	0	0	20531443	20611143	9720000	9240000	0.169262	0.0627226	294060	2.69537	2.40297	-0.474189	-0.545773	0.00170931	0.00170892	3.292409667
X3252	M12	0	0	19888495	19941020	5920000	12600000	-0.241608	0.0695158	350333	6.2529	2.4888	-0.215534	-0.380499	0.00122356	0.00122349	3.156743587
X3258	M12	5	10	17460879	33368692	5400000	11160000	-0.199285	0.0467347	316630	3.48868	2.24628	-0.588097	-0.672062	0.00129931	0.00130874	3.294050767
X3311	M12	5	2	16858758	21604300	6800000	9480000	0.0477526	0.0784418	270800	6.87684	2.18592	-0.482785	-0.613892	0.00185121	0.00186332	2.903823636
X3506	M12	5	2	19326279	19351105	8720000	9280000	0.193351	0.0518358	270826	1.24433	2.38591	-0.412293	-0.530736	8.83252e-4	8.82824e-4	4.268056605
X3531	M12	3	11	17639854	33914588	6800000	9840000	-0.293479	0.0632	262075	1.29079	2.29408	-0.578671	-0.717154	0.00134804	0.00134099	4.013904338
X3737	M12	5	10	17209334	53552572	7840000	8640000	0.16908	0.1702	280869	1.22626	2.1438	-0.660361	-0.783239	0.00151535	0.00150779	3.639761839
C0001	M13	6	0	13839256	32829219	6120000	7160000	0.0771665	0.113375	276633	4.41388	2.47197	-0.498739	-0.562438	0.00104962	0.00105565	2.688620993
C0055	M13	1	2	14603091	9798053	5640000	7840000	-0.101481	0.0587815	293065	7.25767	2.387	-0.268135	-0.268135	0.00145277	0.0013906	3.125515323
C0080	M13	6	13	14786199	100512774	9240000	4680000	0.371999	0.12195	308340	0.631543	2.41164	-0.957913	-0.949185	5.35069e-4	5.36056e-4	2.923051436
C0100	M13	4	13	14661382	10524300	5400000	8680000	-0.101489	0.0754218	325093	26.043	2.33713	0.144085	0.144085	2.72655e-4	2.71814e-4	3.336555251
Eaethiops	M13	3	0	13790236	30399708	3480000	9080000	-0.281847	0.109979	323073	12.3071	2.6719	-0.403977	-0.445556	8.65619e-4	8.66991e-4	2.421457872
Ealbergana	M13	3	0	13567154	46340248	6720000	5880000	0.106688	0.0099441	897769	1.25481	3.34901	-0.738658	-0.815819	0.00157675	0.0015785	2.06969694
Ebubastis	M13	0	0	15846877	15864159	10480000	4120000	0.33935	0.0785451	324000	18.6226	2.1857	-0.214182	-0.334867	2.50504e-4	2.53062e-4	2.635481007
Echristi	M13	5	0	16007499	36476290	3160000	12320000	-0.414409	0.0992409	287436	7.30868	2.46387	-0.523143	-0.563301	3.70305e-4	3.69802e-4	0.859371626
Edisa	M13	0	0	17502354	17557210	3680000	12160000	-0.343709	0.0689842	347439	16.6616	2.07592	-0.359126	-0.447786	6.48709e-4	6.47373e-4	3.989050401
Eembla	M13	0	0	17528343	17583662	3760000	11840000	-0.331095	0.0715544	337143	15.8063	2.09324	-0.3256	-0.41587	0.00153715	0.00153542	3.283159524
Eepiphron	M13	7	0	15285103	35106303	11920000	2240000	0.430344	0.203492	325130	8.09095	2.08685	-0.688593	-0.783683	0.00122617	0.00121415	1.088508099
Eeriphyle	M13	0	0	15920970	15934254	11160000	3720000	0.334652	0.0605188	299442	9.72392	2.14999	-0.294198	-0.373848	7.67229e-4	7.68216e-4	3.981433842
Eflavofasciata	M13	4	0	15281233	35455226	4080000	10680000	-0.306027	0.124003	324574	3.37596	2.43788	-0.46925	-0.542794	6.70189e-4	6.72425e-4	2.466290807
Egorge	M13	6	0	14942340	35929433	7160000	6800000	0.0638702	0.0528698	325178	6.18408	2.22571	-0.391564	-0.512808	6.95023e-4	6.92831e-4	0.939453046
Eligea	M13	0	0	15452162	15472711	10560000	3880000	0.375672	0.0415209	328957	0.928365	2.52757	-0.285348	-0.399196	0.00226005	0.00227867	3.246164608
Emanto	M13	0	0	15504066	15513133	4800000	9920000	-0.272673	0.0487537	303840	24.2662	2.40815	-0.321032	-0.435734	3.31532e-4	3.31957e-4	2.901839436
Emedusa	M13	5	0	15161430	44870653	680000	13360000	-0.615044	0.10931	344535	7.55244	2.30876	-0.545721	-0.588899	2.81748e-4	2.83569e-4	1.219463745
Emelampus	M13	2	0	14448246	21913403	4440000	8920000	-0.261112	0.108962	298771	11.3104	2.28585	-0.477914	-0.587454	4.39607e-4	4.394e-4	2.105924647
Emelancholica	M13	8	2	14590917	25262993	10320000	3840000	0.331871	-0.0629286	310478	12.837	2.22388	-0.316678	-0.413663	7.31173e-4	7.32656e-4	1.919545454
Emeolans	M13	5	0	14387079	32092500	3360000	10640000	-0.353643	0.0845558	320628	7.39886	2.15596	-0.542491	-0.611712	3.71579e-4	3.69304e-4	2.710189172
Emnestra	M13	4	0	13908745	66522839	2360000	10960000	-0.533753	0.0521249	274500	2.69624	2.20354	-0.712813	-0.753587	4.23983e-4	4.19857e-4	2.512256723
Emontana	M13	8	2	15771616	27287710	11560000	3280000	0.338979	-0.0311618	339391	11.4457	2.25915	-0.309582	-0.401078	2.1075e-4	2.10072e-4	1.928566407
Epalarica	M13	5	0	14838949	33035662	6240000	7880000	0.0864492	0.0923995	308915	4.28262	2.54142	-0.906389	-0.934502	0.00104233	0.00103207	2.404941784
Epharte	M13	7	0	17751931	31029253	10360000	1720000	0.545369	0.0701275	468459	1.52931	2.74887	-0.867833	-0.776753	0.00254408	0.00254966	2.516358817
Epronoe	M13	8	2	14354510	47411051	8360000	2880000	0.39436	0.0745577	592217	1.15146	2.8818	-0.984565	-0.923365	0.00271175	0.00270959	2.851386029
Erondoui	M13	6	14	15520135	16806137	11040000	3600000	0.323574	0.0780807	340886	18.5429	2.166	-0.275852	-0.391207	6.46528e-4	6.44419e-4	3.021558435
Estirius	M13	8	2	15396417	26671853	10680000	3640000	0.389599	-0.00892524	299471	5.36646	2.26327	-0.441818	-0.48496	5.26559e-4	5.34772e-4	2.115380132
Esudetica	M13	2	0	14541869	22049453	3840000	9520000	-0.334353	0.109685	321250	15.721	2.39512	-0.568241	-0.612667	3.69413e-4	3.6714e-4	2.657021279
Etriaria	M13	5	0	13908511	43386010	360000	13080000	-0.678997	0.211112	301378	6.97979	2.30149	-0.534934	-0.590598	8.04368e-4	7.97093e-4	1.733553949
Mcinxia	M13	0	0	NA	NA	NA	NA	NA	NA	NA	NA	NA	NA	NA	NA	NA	NA
Mjurtina	M13	0	0	12109779	12129657	NA	NA	NA	NA	292800	29.8793	2.15016	-0.164057	-0.242662	4.08043e-4	4.10682e-4	1.983936169
X2575	M13	0	0	16174239	16223357	10000000	5120000	0.277468	0.041442	310324	3.62351	2.39804	-0.306268	-0.37241	0.00159537	0.00159766	3.305622768
X2576	M13	0	0	16838726	16852186	11440000	4080000	0.326267	0.0554497	343479	3.74859	2.40781	-0.281723	-0.396062	0.00177537	0.00178223	2.103121158
X3252	M13	0	0	17584656	17641999	3920000	11560000	-0.302086	0.0667127	382356	8.09467	2.50875	-0.434018	-0.39529	0.00124098	0.00124583	2.881516302
X3258	M13	6	13	14043079	53625971	11720000	1560000	0.525664	0.185498	316070	2.22808	2.28722	-0.546842	-0.552834	0.00130661	0.00129674	3.128520434
X3311	M13	5	0	13792400	33279962	2960000	10040000	-0.300303	0.057111	321857	4.07882	2.24386	-0.456146	-0.519923	0.00181642	0.00182884	2.506971194
X3506	M13	5	0	15442513	27042848	10760000	3840000	0.399119	-0.0371305	294962	0.739588	2.36899	-0.430954	-0.525357	9.23937e-4	9.34563e-4	2.61408991
X3531	M13	6	14	14841365	53695017	8840000	5160000	0.324865	-0.0243664	298562	0.885426	2.38812	-0.583229	-0.615287	0.00132787	0.00132586	3.59870367
X3737	M13	6	13	15430151	53234969	9760000	4680000	0.345397	-0.00392313	274018	0.916113	2.25341	-0.749255	-0.80145	0.00153867	0.00155466	3.104347186
C0001	M14	3	0	12701360	32829219	8600000	3200000	0.254433	-0.0173869	272698	4.42269	2.54986	-0.724444	-0.767978	0.00108963	0.00108533	2.915288967
C0055	M14	0	1	13398124	10310800	5120000	7320000	-0.175955	0.0846328	297698	6.72116	2.36342	-0.478384	-0.478384	0.00139986	0.00139511	3.627597114
C0080	M14	2	12	13219117	59976555	3680000	8880000	-0.332723	0.00900842	284636	1.16806	2.43581	-1.10968	-1.07692	5.20804e-4	5.12155e-4	3.465428517
C0100	M14	1	12	13934694	9265440	7520000	5800000	0.183838	0.0553571	309720	31.8559	2.42283	-0.196987	-0.196987	2.77667e-4	2.78326e-4	4.532952535
Eaethiops	M14	1	0	11944531	17872315	4680000	6280000	-0.114158	0.0598766	269500	21.3006	2.73365	-0.465019	-0.504103	8.44081e-4	8.4777e-4	2.974554874
Ealbergana	M14	2	0	12041902	25213507	5280000	5840000	-0.186845	0.0293826	968636	1.30963	3.40139	-1.21701	-1.2038	0.00152611	0.00152705	3.779637838
Ebubastis	M14	0	0	13603949	20259637	4120000	8800000	-0.246831	0.0855574	270766	13.5998	2.29276	-0.554145	-0.602735	2.43306e-4	2.41879e-4	2.47834649
Echristi	M14	1	0	15019409	22353776	10960000	3480000	0.300117	0.0303619	298277	12.6052	2.58355	-0.675021	-0.708202	3.79605e-4	3.83981e-4	2.539717322
Edisa	M14	0	0	15844106	24203499	3840000	10680000	-0.273161	5.24225e-5	306170	10.41	2.23675	-0.515832	-0.593032	7.16657e-4	7.07011e-4	2.622528651
Eembla	M14	0	0	14455652	22576108	3960000	9400000	-0.24907	0.0492025	316682	11.2798	2.21703	-0.521051	-0.580676	0.00149038	0.001489	2.654040163
Eepiphron	M14	4	0	14240832	52270995	10480000	2760000	0.332509	0.0334065	334293	5.19232	2.16184	-1.07726	-1.08787	0.00119147	0.00120594	2.380823162
Eeriphyle	M14	0	0	13035012	19542745	6840000	5720000	0.154401	0.0773902	307718	7.74477	2.28121	-0.514533	-0.546391	8.03469e-4	8.07906e-4	4.007698432
Eflavofasciata	M14	1	0	14337090	21666707	5200000	8440000	-0.214016	0.0722572	282638	6.35379	2.51122	-0.624518	-0.658754	6.64123e-4	6.57451e-4	2.87431291
Egorge	M14	3	0	12566613	19185496	9320000	2760000	0.266718	0.0559266	273205	12.2728	2.36082	-0.69775	-0.721761	6.70608e-4	6.67156e-4	3.377960662
Eligea	M14	0	0	13471064	20014386	7960000	4560000	0.279775	0.0498792	333026	0.66951	2.67838	-0.669812	-0.698774	0.00224081	0.00224218	2.862189752
Emanto	M14	0	0	13270665	20207894	4600000	8080000	-0.229233	0.0814143	296244	18.0772	2.50527	-0.704389	-0.731097	3.31204e-4	3.3151e-4	2.901678099
Emedusa	M14	4	0	12545298	38445556	4440000	7600000	-0.191216	0.00566106	301175	8.6831	2.35517	-0.645974	-0.674376	2.7167e-4	2.74116e-4	2.634155845
Emelampus	M14	1	0	13168111	35533038	9280000	3240000	0.26719	-0.0170716	288455	6.09794	2.38554	-0.808742	-0.829587	4.43314e-4	4.48099e-4	2.59411756
Emelancholica	M14	2	0	13026054	19392958	4280000	8160000	-0.229242	0.053706	273864	18.0602	2.33902	-0.622054	-0.642854	7.25542e-4	7.25763e-4	2.62980951
Emeolans	M14	4	0	13077464	37126058	10120000	2520000	0.317167	-0.0439716	303250	6.15414	2.25876	-0.880347	-0.88945	3.69234e-4	3.64646e-4	2.907643902
Emnestra	M14	2	0	11936234	49598398	7040000	4520000	0.0921725	-0.0582703	273390	3.94031	2.28951	-0.845463	-0.862348	4.03979e-4	4.05548e-4	2.954174438
Emontana	M14	2	0	14567125	21382799	9960000	3760000	0.239217	0.0815602	307065	15.052	2.34718	-0.524707	-0.578883	2.19835e-4	2.21849e-4	2.426290681
Epalarica	M14	4	0	13983000	38453788	8400000	4960000	0.211256	-0.0252034	271480	3.78463	2.55679	-1.06164	-1.09687	0.0010014	0.00100722	2.417845073
Epharte	M14	4	0	16573839	46867384	4000000	6720000	-0.293877	0.0108885	399750	0.977913	2.79176	-1.00696	-0.897292	0.00250689	0.00250485	2.495491427
Epronoe	M14	2	0	13195254	19242511	2560000	7240000	-0.412958	0.102724	491400	3.22629	2.89899	-0.797884	-0.829736	0.00267289	0.00267768	2.909432689
Erondoui	M14	2	12	14775287	21816679	9680000	4320000	0.263674	0.070312	310717	13.6886	2.25184	-0.60561	-0.614849	6.48543e-4	6.45843e-4	2.670541381
Estirius	M14	2	0	14006510	20720600	4160000	9160000	-0.253839	0.0613762	304326	7.69442	2.34976	-0.602029	-0.645733	5.17109e-4	5.145e-4	2.856991281
Esudetica	M14	1	0	13066170	35197135	5760000	6760000	-0.135411	-0.0408843	280429	8.63416	2.44343	-0.897208	-0.91683	3.8017e-4	3.79322e-4	3.213884928
Etriaria	M14	4	0	12308567	38050333	6040000	5880000	-0.0385752	0.114473	286700	7.68931	2.3361	-0.685559	-0.717444	8.02936e-4	8.1086e-4	3.180485131
Mcinxia	M14	0	0	NA	NA	NA	NA	NA	NA	NA	NA	NA	NA	NA	NA	NA	NA
Mjurtina	M14	0	0	9945668	14823703	NA	NA	NA	NA	261657	24.63	2.21547	-0.452336	-0.452336	3.41062e-4	3.41188e-4	2.661095906
X2575	M14	0	0	14367699	21449587	10200000	3240000	0.286187	0.0877886	321302	2.74133	2.52121	-0.597114	-0.60083	0.00167116	0.00168113	3.2121706
X2576	M14	0	0	14540990	22091815	3760000	9800000	-0.26897	0.115749	291673	2.87898	2.55417	-0.591657	-0.596394	0.0017269	0.00172082	2.629967508
X3252	M14	0	0	13659278	21869088	4720000	8080000	-0.224828	0.0149397	396706	5.72656	2.56276	-0.408688	-0.466893	0.00127262	0.00127117	2.882873964
X3258	M14	4	12	13977236	55816921	10040000	3040000	0.329333	0.047065	298311	2.0031	2.3817	-0.753547	-0.741654	0.00122431	0.00123156	3.233322411
X3311	M14	2	0	11666200	27359167	8320000	3040000	0.236634	0.177222	265744	5.99268	2.27783	-0.741871	-0.747839	0.00178559	0.00179297	3.050891112
X3506	M14	2	0	13402276	21222259	8360000	4320000	0.270858	0.020894	296500	1.09486	2.46319	-0.592153	-0.649133	8.5288e-4	8.47253e-4	3.190374513
X3531	M14	2	12	13528092	60656581	10480000	2360000	0.466256	0.102178	287289	0.840705	2.43726	-1.01026	-0.98282	0.00134645	0.00134664	4.03240221
X3737	M14	4	12	13354649	53552572	9080000	3720000	0.320145	-0.0168063	284739	1.16891	2.25109	-0.96941600000000006	-0.949179	0.00153803	0.00154465	3.9105218
C0001	M15	1	1	15579242	15615253	6920000	8120000	-0.148939	0.0446054	240541	10.7307	2.43626	-0.500334	-0.533857	0.00100868	0.0010048	3.18919021
C0055	M15	0	1	17896190	9252840	9520000	6640000	0.141179	0.0948943	290729	8.1041	2.3122	-0.756131	-0.756131	0.00157112	0.00155893	4.800852347
C0080	M15	4	5	19184194	59976555	6360000	11680000	-0.212444	-0.0417538	277712	0.894678	2.35571	-1.07095	-0.958697	5.41797e-4	5.38204e-4	3.767256202
C0100	M15	2	5	16900402	11038437	8680000	7600000	0.139998	0.0566337	261197	24.0819	2.29685	-0.283315	-0.283315	2.77438e-4	2.75214e-4	3.578025803
Eaethiops	M15	0	1	15854428	15858049	6200000	8240000	-0.197348	0.0817348	290220	24.3557	2.63657	-0.320456	-0.381827	8.70193e-4	8.68409e-4	2.852954073
Ealbergana	M15	1	1	15580853	31850052	7240000	7080000	-0.154145	0.00564807	753278	1.35503	3.31269	-1.10472	-1.02426	0.00156307	0.00156458	3.779174304
Ebubastis	M15	0	0	17114045	17123770	4480000	11600000	-0.341445	0.0857432	240406	16.8186	2.18322	-0.470942	-0.454767	2.4653e-4	2.48221e-4	4.299839942
Echristi	M15	1	1	18219621	27417447	5200000	12240000	-0.282985	0.0926053	256014	10.1236	2.44701	-0.811611	-0.716684	3.62144e-4	3.60906e-4	3.001914868
Edisa	M15	0	0	19352464	19479983	5040000	12520000	-0.335887	0.093129	296811	14.2812	2.08342	-0.502385	-0.521783	6.90405e-4	6.98348e-4	3.408130473
Eembla	M15	0	0	18519609	18559462	4320000	12840000	-0.334712	0.0784994	266923	14.4385	2.07272	-0.483592	-0.508547	0.00151791	0.00153573	3.062076385
Eepiphron	M15	2	1	17656230	26292596	5000000	11160000	-0.286461	0.132992	254603	11.2923	2.06601	-0.990691	-0.954443	0.00124746	0.00125177	3.165089497
Eeriphyle	M15	0	0	16608811	16632391	6919128	9120000	0.0855605	0.0460335	256935	9.4199	2.15171	-0.446537	-0.435961	0.00074616700000000005	7.5095e-4	4.199571337
Eflavofasciata	M15	0	1	17904295	17976579	5600000	11440000	-0.28209	0.0502882	294246	7.58141	2.44239	-0.571364	-0.565867	6.66027e-4	6.59423e-4	3.10095689
Egorge	M15	1	1	16173628	16197620	5360000	10120000	-0.288147	0.0445832	242719	14.3585	2.2541	-0.48848	-0.532536	6.8585e-4	6.83372e-4	3.364462294
Eligea	M15	0	0	16796119	16801296	4480000	11160000	-0.361215	0.0558711	254048	0.815312	2.52485	-0.60952	-0.537941	0.00231705	0.00231363	3.844759005
Emanto	M15	0	0	17119935	17152945	5560000	10760000	-0.305014	0.0595493	257603	21.6262	2.36117	-0.528076	-0.586872	3.37605e-4	3.37304e-4	2.88686237
Emedusa	M15	4	1	15853350	34384168	4320000	10840000	-0.25676	0.083608	246864	9.79334	2.24536	-0.69189	-0.679448	2.69109e-4	2.68792e-4	2.595897729
Emelampus	M15	0	1	16603605	16622190	5040000	10400000	-0.284891	0.0798853	273263	16.0333	2.30294	-0.530247	-0.536845	4.40214e-4	4.4013e-4	3.005404058
Emelancholica	M15	4	2	16692366	16729225	5320000	10640000	-0.310822	0.0605479	270828	20.6906	2.21568	-0.499508	-0.473934	7.38786e-4	0.00073976999999999995	3.257637678
Emeolans	M15	4	1	17707108	56828746	5200000	11960000	-0.304722	-0.0196257	301397	3.54376	2.13929	-0.945167	-0.849891	3.89259e-4	3.9338e-4	2.645680816
Emnestra	M15	1	1	14831391	30938836	5520000	8713291	-0.315108	0.0435143	233317	6.83026	2.18511	-0.785026	-0.75947	4.07929e-4	4.08256e-4	2.841771967
Emontana	M15	5	2	18117381	18191968	4600000	12240000	-0.318006	0.108433	269262	18.2433	2.26503	-0.489887	-0.480229	2.13119e-4	2.14397e-4	2.837249826
Epalarica	M15	4	1	19731977	60991950	5880000	12640000	-0.195335	0.022759	257635	2.11376	2.48342	-1.06445	-1.09248	0.00109795	0.00111764	2.204009307
Epharte	M15	2	1	20000431	20000704	3400000	10400000	-0.444691	0.0749036	443047	2.28088	2.58525	-0.875769	-0.750231	0.00247589	0.00247606	3.694841798
Epronoe	M15	4	2	16096664	24606128	3120000	9600000	-0.494865	0.142243	421608	2.36016	2.76145	-1.02052	-0.943909	0.00265144	0.00265851	4.078924773
Erondoui	M15	4	5	18623389	18668721	13120000	4440000	0.32738	0.0728709	273985	16.4609	2.15648	-0.436084	-0.478045	6.44013e-4	6.42723e-4	2.846893607
Estirius	M15	5	2	17833505	36554421	5120000	11280000	-0.337025	0.0809132	279790	3.91352	2.19985	-0.76902	-0.717249	5.45218e-4	5.50065e-4	2.91553906
Esudetica	M15	0	1	16411564	16421478	6280000	9160000	-0.288646	0.0770069	261867	21.6357	2.33178	-0.510339	-0.571186	3.55407e-4	3.53985e-4	3.395355381
Etriaria	M15	4	1	15616691	33305585	7280000	7800000	-0.162261	0.109743	252533	8.69969	2.25433	-0.791814	-0.779197	8.16435e-4	8.2113e-4	3.040387513
Mcinxia	M15	0	0	NA	NA	NA	NA	NA	NA	NA	NA	NA	NA	NA	NA	NA	NA
Mjurtina	M15	0	0	13699698	13711445	NA	NA	NA	NA	236981	26.7215	2.1551	-0.386822	-0.346704	3.88923e-4	3.88769e-4	3.448455985
X2575	M15	0	0	17473854	17487039	9480000	6960000	0.253427	0.0494929	261234	3.34374	2.40247	-0.510779	-0.464708	0.00164015	0.00162948	3.524379059
X2576	M15	0	0	17834203	18418506	12600000	3760000	0.355722	0.0523906	258431	3.40145	2.41429	-0.661922	-0.549744	0.00176808	0.00177954	3.296375077
X3252	M15	0	0	17844053	17852352	6200000	10480000	-0.232557	0.0625842	346286	7.61905	2.46078	-0.354074	-0.38508	0.00130758	0.00131941	2.971043841
X3258	M15	5	5	17177625	38661208	7320000	8840000	0.0566702	0.043687	265065	3.12119	2.2558	-0.735532	-0.64895	0.00127869	0.00129273	3.122266351
X3311	M15	2	1	15228915	42165168	7640000	6720000	0.193149	0.0373935	245267	3.02981	2.20847	-0.68689	-0.666493	0.00191002	0.00191122	2.779853657
X3506	M15	2	1	17883711	17924568	11880000	4880000	0.350951	0.043624	270317	1.30968	2.38386	-0.646757	-0.571818	8.81987e-4	8.95268e-4	4.024757844
X3531	M15	4	5	17398969	55578212	13080000	3560000	0.166286	0.0824125	260746	0.960192	2.34354	-0.825885	-0.712239	0.00139249	0.00137869	2.876464455
X3737	M15	5	5	18330662	73356314	11560000	5560000	0.317609	0.0142715	245648	0.749915	2.20389	-1.09032	-0.955091	0.00156549	0.00155566	3.235509008
C0001	M16	3	0	16998161	35650991	6520000	9920000	-0.0494041	0.0518197	312673	3.54991	2.40011	-0.549692	-0.648631	0.00109526	0.00109634	3.180803591
C0055	M16	0	0	18672995	18692727	6520000	11196436	-0.024795	0.0415371	300288	2.90436	2.26799	-0.478139	-0.656462	0.00136263	0.0013505	4.330462484
C0080	M16	1	0	17277189	57446302	NA	NA	NA	NA	299179	NA	NA	-0.816294	-0.851836	4.68662e-4	4.61434e-4	1.399069352
C0100	M16	0	0	17572194	17749768	NA	NA	NA	NA	305411	NA	NA	-0.490421	-0.635494	2.74347e-4	2.74669e-4	4.06131886
Eaethiops	M16	2	2	16476919	23813336	4680000	10480000	-0.243413	0.0827477	348609	16.1042	2.66195	-0.477707	-0.546295	8.48966e-4	8.48906e-4	2.886355754
Ealbergana	M16	2	0	16395779	46340248	7760000	7240000	0.0433196	0.0155567	1183550	1.00317	3.34455	-1.13238	-1.10784	0.00153358	0.00153369	3.177710082
Ebubastis	M16	0	0	18025063	18193014	4600000	12560000	-0.304626	0.0579556	320037	15.3121	2.07977	-0.311312	-0.473109	2.33028e-4	2.32296e-4	3.668843885
Echristi	M16	2	2	19553994	19553994	14240000	4360000	0.318427	0.0388136	318712	14.5605	2.36715	-0.325681	-0.532286	3.67545e-4	3.66664e-4	3.375600171
Edisa	M16	0	0	20369522	20569594	14480000	4080000	0.334074	0.0782381	340681	13.538	1.99727	-0.297042	-0.509711	7.14474e-4	7.16624e-4	4.097959877
Eembla	M16	0	0	19818466	20038466	5880000	12480000	-0.271396	0.0829	328559	13.2508	1.99743	-0.255998	-0.460084	0.00147313	0.00146016	3.552205009
Eepiphron	M16	3	2	19050247	19094785	9960000	7680000	0.235104	0.0862523	331091	15.2463	2.02126	-0.523294	-0.814059	0.00122193	0.00123768	3.565138323
Eeriphyle	M16	0	0	17800922	17962428	7120000	10000000	0.159373	0.0399132	311727	8.34405	2.08155	-0.218972	-0.441518	7.3376e-4	7.41634e-4	5.305403752
Eflavofasciata	M16	2	2	19108761	19417399	6800000	11560000	-0.0994516	0.0494999	318737	6.87573	2.37108	-0.450775	-0.60262	6.49665e-4	6.4457e-4	3.450548973
Egorge	M16	3	0	16755619	36204596	3640000	12360000	-0.293757	0.0863904	298278	6.05167	2.17032	-0.575532	-0.691417	6.85044e-4	6.83344e-4	3.885292327
Eligea	M16	0	0	18686019	18730306	9760000	7520000	0.279044	0.0448774	303729	0.703291	2.45084	-0.337938	-0.547366	0.00226336	0.00224525	4.430317678
Emanto	M16	0	0	18243073	18256441	6320000	11240000	-0.239361	0.0426124	336423	19.7569	2.32761	-0.373534	-0.53192	3.37087e-4	3.36035e-4	3.062033995
Emedusa	M16	4	0	17194769	56675833	NA	NA	NA	NA	321731	NA	NA	-0.583295	-0.658453	2.70443e-4	2.70469e-4	1.740438052
Emelampus	M16	0	0	17062668	17268259	5600000	10680000	-0.206053	0.0621551	307717	14.5794	2.17934	-0.383281	-0.55917	4.35117e-4	4.33734e-4	3.648071801
Emelancholica	M16	3	2	17385496	17413135	5440000	11280000	-0.266109	0.0468985	340571	19.651	2.13336	-0.329549	-0.471977	7.33233e-4	7.31216e-4	2.942351701
Emeolans	M16	3	0	17329103	33909082	6800000	9920000	-0.127719	0.0899807	331400	7.10764	2.07275	-0.707689	-0.764636	3.67715e-4	3.69308e-4	3.216998821
Emnestra	M16	3	0	17353941	49598398	4920000	11640000	-0.396977	0.0477776	301589	3.68193	2.1326	-0.926246	-0.914549	4.07783e-4	4.09326e-4	3.2900829
Emontana	M16	4	2	18746902	18991057	3720000	14000000	-0.307017	0.0726012	343434	17.4123	2.15296	-0.296692	-0.478545	2.14709e-4	2.14664e-4	3.258170468
Epalarica	M16	3	0	17935366	35371117	7280000	10040000	-0.0893699	0.10104	308536	4.04181	2.50343	-0.925072	-0.935365	0.00103916	0.00104376	3.014730595
Epharte	M16	3	2	22156214	46867384	2080000	13080000	-0.61588	0.183764	437460	1.08178	2.62776	-0.970678	-0.748827	0.00254304	0.00253971	2.722076623
Epronoe	M16	3	2	17428771	17452225	4440000	9520000	-0.386282	0.039568	556250	3.13618	2.6956	-0.722245	-0.769216	0.00263394	0.00264698	3.471755711
Erondoui	M16	2	0	20057368	20162065	NA	NA	NA	NA	344357	NA	NA	-0.315936	-0.513969	6.67462e-4	6.67881e-4	3.590611008
Estirius	M16	4	2	18069239	35319501	1600000	15600000	-0.572373	0.0991613	292200	4.28288	2.11435	-0.477904	-0.568213	5.1678e-4	5.16887e-4	1.387056268
Esudetica	M16	0	0	17325748	17366694	5480000	10840000	-0.260178	0.0786403	297018	19.831	2.31307	-0.395242	-0.552508	3.62822e-4	3.61723e-4	3.5949777
Etriaria	M16	4	0	17048269	17084525	NA	NA	NA	NA	305231	NA	NA	-0.533598	-0.686137	7.88207e-4	7.82357e-4	3.004034904
Mcinxia	M16	0	0	NA	NA	NA	NA	NA	NA	NA	NA	NA	NA	NA	NA	NA	NA
Mjurtina	M16	0	0	14919594	15073875	NA	NA	NA	NA	281549	23.9975	2.0475	-0.224545	-0.373689	3.89043e-4	3.88565e-4	3.10936943
X2575	M16	0	0	19278277	19301444	9320000	8760000	0.228907	0.0506577	327070	2.74099	2.28431	-0.372452	-0.483467	0.00168682	0.00168596	4.046532225
X2576	M16	0	0	20124663	20156588	10400000	7960000	0.233363	0.0613017	300333	2.72135	2.3218	-0.349137	-0.50722	0.00171289	0.00171669	3.648098539
X3252	M16	0	0	19786851	19821673	5640000	12840000	-0.267634	0.0572446	402223	6.53841	2.48689	-0.289599	-0.37437	0.00131869	0.00133485	3.149253072
X3258	M16	1	0	18101298	59643170	NA	NA	NA	NA	320691	NA	NA	-0.661981	-0.690954	0.00119644	0.00121028	3.422829607
X3311	M16	3	2	16471914	36925002	5200000	10680000	-0.0972846	0.0763304	315800	3.49626	2.18714	-0.635823	-0.697686	0.00180005	0.00179905	3.013145016
X3506	M16	3	2	18637485	18711795	6200000	11360000	0.0901104	0.0438829	289742	1.28335	2.29022	-0.283117	-0.518082	8.53309e-4	8.5621e-4	4.689690857
X3531	M16	2	0	18458769	62330422	NA	NA	NA	NA	287129	NA	NA	-0.805205	-0.776293	0.00127535	0.00128049	3.649133969
X3737	M16	1	0	17971471	59681672	NA	NA	NA	NA	296678	NA	NA	-0.773576	-0.853907	0.00133118	0.00133361	4.318780738
C0001	M20M17	3	0	19506392	19685649	9080000	9880000	-0.0241094	0.0310802	259541	8.41292	2.50969	-0.452398	-0.676796	9.99102e-4	9.89721e-4	3.694963164
C0055	M20M17	0	1	22286676	11173110	9000000	11520000	-0.124999	0.0621737	260171	5.76379	2.37785	-0.318635	-0.414937	0.00138523	0.00137601	4.552671352
C0080	M20M17	1	3	22137658	45996402	9720000	11200000	-0.191214	-0.0152626	253872	1.45314	2.44132	-1.04767	-1.04359	4.75889e-4	4.76539e-4	3.394999749
C0100	M20M17	0	3	21900190	7337928	10600000	10560000	0.147714	0.0465174	291914	36.3742	2.36057	-0.262529	-0.262529	2.6747e-4	2.66393e-4	4.593754781
Eaethiops	M20M17	1	0	18996477	29890253	2680000	14640000	-0.471474	0.166934	269800	14.2277	2.70659	-0.528904	-0.62829	8.21503e-4	8.20503e-4	2.710833749
Ealbergana	M20M17	0	0	20984966	21037838	8160000	9480000	0.00599815	0.0181323	843750	1.56739	3.39676	-0.86469	-1.12209	0.00160484	0.00160769	5.969224829
Ebubastis	M20M17	0	0	21482030	21747355	6200000	14160000	-0.310421	0.0677618	270269	12.8615	2.26339	-0.340506	-0.596476	2.41284e-4	2.42696e-4	4.18789466
Echristi	M20M17	2	0	23373479	23429299	6840000	15440000	-0.307023	0.0454493	260852	11.9054	2.54814	-0.554157	-0.804038	3.78852e-4	3.79127e-4	3.167050305
Edisa	M20M17	0	0	25334249	25352350	8320000	14760000	-0.286699	0.0829784	306914	10.544	2.17661	-0.346028	-0.662829	6.97099e-4	6.94986e-4	3.521753917
Eembla	M20M17	0	0	23807703	23815523	7680000	14600000	-0.260929	0.0660228	282373	10.7181	2.18278	-0.277639	-0.570875	0.00148006	0.00148785	3.487037616
Eepiphron	M20M17	3	0	22328095	22597815	8560000	12000000	-0.18449	0.0989405	285026	13.597	2.13145	-0.781358	-1.06172	0.00120587	0.00121946	3.290735866
Eeriphyle	M20M17	0	0	21020908	21028446	10440000	9760000	0.102168	0.0450821	255938	7.13962	2.25936	-0.403555	-0.610339	7.52679e-4	7.55596e-4	6.071516341
Eflavofasciata	M20M17	2	0	23138300	42941423	10600000	11640000	-0.140539	-0.0256944	274410	2.74223	2.50632	-0.723467	-0.759814	6.86228e-4	6.92385e-4	2.789987402
Egorge	M20M17	3	0	20155198	36499850	8800000	10560000	-0.173719	0.0565813	267459	6.23041	2.29432	-0.645875	-0.771939	6.62155e-4	6.61309e-4	4.52545654
Eligea	M20M17	0	0	21836642	22078005	14440000	5680000	0.378197	0.0460811	272481	0.612426	2.66302	-0.503752	-0.705562	0.00217848	0.00217051	4.015088272
Emanto	M20M17	0	0	21090902	21320447	8200000	12080000	-0.248073	0.0431638	265756	17.087	2.45797	-0.544434	-0.747944	3.32185e-4	3.33798e-4	2.915377028
Emedusa	M20M17	2	0	21303957	57750468	7040000	13320000	-0.229169	-0.00588147	275312	5.33655	2.30653	-1.00206	-0.94274	2.64515e-4	2.65184e-4	3.021299761
Emelampus	M20M17	0	0	19464738	19772087	8280000	10320000	-0.117012	0.0565046	254693	12.8816	2.34509	-0.477075	-0.658792	4.37463e-4	4.42589e-4	4.122180417
Emelancholica	M20M17	2	0	21079266	21267665	7480000	12880000	-0.270984	0.0390379	249928	15.9152	2.31362	-0.319235	-0.595474	7.90994e-4	7.90315e-4	3.242138054
Emeolans	M20M17	1	0	20450022	38091167	12240000	7520000	0.101388	0.0367846	256782	6.1994	2.18282	-0.997256	-1.00097	3.60893e-4	3.62305e-4	4.144023584
Emnestra	M20M17	2	0	18592235	66522839	6720000	11040000	-0.309225	0.0542154	243133	3.13993	2.28052	-0.78465	-0.832388	4.09432e-4	4.08115e-4	3.111250324
Emontana	M20M17	2	0	22739253	22956232	16080000	5520000	0.323407	0.0712501	279638	14.1122	2.32324	-0.434177	-0.635972	2.15794e-4	2.15572e-4	3.372115444
Epalarica	M20M17	1	0	21757318	40024699	12240000	8520000	0.00923573	0.025561	270141	3.78413	2.52253	-1.10891	-1.21337	0.00101597	0.00100921	3.093911002
Epharte	M20M17	3	0	25999964	36939056	2840000	14440000	-0.499532	0.139267	430181	1.48892	2.68777	-1.17051	-0.95296	0.00253889	0.00254899	2.914084508
Epronoe	M20M17	2	0	21109599	21303787	4840000	11200000	-0.406837	0.0761598	399745	3.01419	2.8632	-0.771457	-0.843707	0.00268939	0.00270282	3.590528168
Erondoui	M20M17	3	3	23156148	23268837	12680000	9040000	0.199682	0.0739543	292321	13.1157	2.24029	-0.43164400000000003	-0.628292	6.58451e-4	6.54919e-4	3.631358252
Estirius	M20M17	2	0	22040484	22410957	6680000	14240000	-0.316127	0.0555894	281442	7.14395	2.32389	-0.523306	-0.703512	5.14821e-4	5.17102e-4	3.608473812
Esudetica	M20M17	0	0	19948207	19950097	7320000	11560000	-0.25735	0.0732463	264818	17.0219	2.4008	-0.376663	-0.710718	3.55595e-4	3.5585e-4	3.694187266
Etriaria	M20M17	2	0	19420193	19713362	7720000	10960000	-0.249435	0.0568954	285239	16.1112	2.33272	-0.416895	-0.711544	7.9022e-4	7.89327e-4	3.466006671
Mcinxia	M20M17	0	0	NA	NA	NA	NA	NA	NA	NA	NA	NA	NA	NA	NA	NA	NA
Mjurtina	M20M17	0	0	16478106	16498950	NA	NA	NA	NA	241149	21.736	2.20722	-0.350628	-0.444744	3.4497e-4	3.44909e-4	3.658921408
X2575	M20M17	0	0	22529368	22739032	11160000	10000000	0.165043	0.0461755	264190	2.5562	2.50015	-0.501517	-0.576902	0.00164115	0.0016439	4.960677323
X2576	M20M17	0	0	23264837	23268103	12800000	8880000	0.215039	0.05131	289494	2.63148	2.51407	-0.487403	-0.602109	0.00173568	0.00173481	4.02124393
X3252	M20M17	0	0	22700852	22746613	7760000	13280000	-0.213738	0.0708993	334561	5.47633	2.52999	-0.297537	-0.487797	0.00131265	0.00131134	3.528131759
X3258	M20M17	1	3	22357975	44836625	9080000	11440000	-0.164481	0.0100982	263107	2.63779	2.36027	-0.841176	-0.81206	0.00124162	0.00123672	3.93218219
X3311	M20M17	2	0	19278116	33279962	9200000	9320000	0.0273445	0.0520932	253160	4.44013	2.24566	-0.71963	-0.773665	0.00175408	0.00176935	3.490078493
X3506	M20M17	2	0	22651471	22717863	12800000	8520000	0.256544	0.040539	256046	1.04155	2.44063	-0.444513	-0.722536	9.09622e-4	9.14737e-4	5.536072636
X3531	M20M17	3	3	25025941	60656581	14000000	9040000	0.213701	0.00436509	277876	0.666635	2.44492	-1.36359	-1.06065	0.00145778	0.0014579	4.695292404
X3737	M20M17	1	3	21370589	42828383	12560000	7640000	0.262555	-0.0134083	273896	1.60941	2.235	-1.02033	-0.955639	0.00147648	0.00148962	5.016058601
C0001	M18	3	0	18555235	42834750	NA	NA	NA	NA	303517	NA	NA	-0.648298	-0.68637	0.00113665	0.00113998	3.232885522
C0055	M18	2	0	17753097	39193404	NA	NA	NA	NA	292017	NA	NA	-0.683581	-0.758574	0.00140069	0.00141812	3.582900485
C0080	M18	3	0	17088409	57446302	NA	NA	NA	NA	275475	NA	NA	-0.809611	-0.788529	4.80539e-4	4.92636e-4	2.761064602
C0100	M18	2	0	17174598	36212410	NA	NA	NA	NA	292839	NA	NA	-0.597755	-0.627726	2.76667e-4	2.76557e-4	3.072537108
Eaethiops	M18	3	0	17264715	37891540	NA	NA	NA	NA	290745	NA	NA	-0.46057	-0.470237	7.77116e-4	7.77478e-4	2.210297021
Ealbergana	M18	3	0	16620045	39378812	NA	NA	NA	NA	955941	NA	NA	-1.22434	-1.20835	0.00155749	0.00155674	3.215702049
Ebubastis	M18	2	0	18240150	18310919	5560000	11915032	-0.264559	0.0599812	303982	15.4399	2.07622	-0.260703	-0.433717	2.38748e-4	2.39899e-4	3.719075499
Echristi	M18	5	0	19508419	59666597	NA	NA	NA	NA	324649	NA	NA	-0.637514	-0.621347	3.44205e-4	3.41701e-4	0.91011768
Edisa	M18	0	0	20635726	20779452	6440000	12800000	-0.285052	0.078502	334424	13.1637	1.99808	-0.350793	-0.517181	6.85164e-4	6.84951e-4	3.772483587
Eembla	M18	0	0	20636570	20758573	6360000	12920000	-0.239992	0.0757529	324311	12.7845	2.01383	-0.309267	-0.490998	0.00148733	0.00149595	3.591468005
Eepiphron	M18	6	0	17359472	55946633	NA	NA	NA	NA	310906	NA	NA	-0.843498	-0.838219	0.0011946	0.00119529	2.795895125
Eeriphyle	M18	2	0	18258104	18312529	7080000	10440000	0.0285062	0.0525797	283098	7.98537	2.03993	-0.188166	-0.409515	8.15093e-4	8.16378e-4	4.948745465
Eflavofasciata	M18	4	0	18629528	60306531	NA	NA	NA	NA	304407	NA	NA	-0.657849	-0.642293	6.61043e-4	6.47818e-4	2.576331958
Egorge	M18	3	0	19167292	41289582	NA	NA	NA	NA	305661	NA	NA	-0.696219	-0.668954	7.18168e-4	7.19281e-4	0.63656953
Eligea	M18	2	0	18953232	19086540	7120000	10480000	0.0802207	0.0480838	348922	0.685633	2.46635	-0.281003	-0.472738	0.00230722	0.00229202	4.252616606
Emanto	M18	2	0	18449053	18469692	6080000	11680000	-0.215067	0.0486514	317655	19.6321	2.32975	-0.367873	-0.535785	3.27542e-4	3.26821e-4	3.134178652
Emedusa	M18	4	0	18307569	56675833	NA	NA	NA	NA	290550	NA	NA	-0.901475	-0.793853	2.82687e-4	2.82193e-4	2.00142282
Emelampus	M18	3	0	16151669	47278299	NA	NA	NA	NA	313755	NA	NA	-0.486367	-0.570461	4.52066e-4	4.54368e-4	0.765789765
Emelancholica	M18	4	0	17361689	37865109	NA	NA	NA	NA	314077	NA	NA	-0.579594	-0.573625	7.3408e-4	7.34137e-4	2.580051386
Emeolans	M18	3	0	16850353	37839251	NA	NA	NA	NA	296667	NA	NA	-0.651109	-0.704508	3.47654e-4	3.50809e-4	0.729828932
Emnestra	M18	3	0	17033280	38343141	NA	NA	NA	NA	324440	NA	NA	-0.70171	-0.710414	3.75338e-4	3.76931e-4	3.407126135
Emontana	M18	4	0	19543909	43273759	NA	NA	NA	NA	316695	NA	NA	-0.512695	-0.524519	2.12888e-4	2.13348e-4	0.906254585
Epalarica	M18	3	0	17238429	38410055	NA	NA	NA	NA	264823	NA	NA	-0.890553	-0.919296	0.00111675	0.0011041	2.619391119
Epharte	M18	6	0	20474407	45844451	NA	NA	NA	NA	522122	NA	NA	-1.12001	-0.790424	0.00254962	0.00255123	2.650575804
Epronoe	M18	4	0	16927759	54007186	NA	NA	NA	NA	554385	NA	NA	-0.985237	-0.868739	0.00264077	0.00265061	2.853115706
Erondoui	M18	4	0	19194963	41620833	NA	NA	NA	NA	294452	NA	NA	-0.557292	-0.59415	6.52528e-4	6.55194e-4	0.868904232
Estirius	M18	4	0	18533217	41748716	NA	NA	NA	NA	333717	NA	NA	-0.576302	-0.576907	4.91394e-4	4.91872e-4	2.950690904
Esudetica	M18	3	0	16216647	47802122	NA	NA	NA	NA	310353	NA	NA	-0.612327	-0.68111	3.64605e-4	3.64841e-4	2.277771028
Etriaria	M18	4	0	17832654	39627365	NA	NA	NA	NA	325431	NA	NA	-0.728353	-0.708315	8.10811e-4	8.1326e-4	0.699348449
Mcinxia	M18	0	0	NA	NA	NA	NA	NA	NA	NA	NA	NA	NA	NA	NA	NA	NA
Mjurtina	M18	0	0	15087273	15111341	NA	NA	NA	NA	301438	23.4633	2.01798	-0.18352	-0.31572	3.845e-4	3.83577e-4	2.890574527
X2575	M18	2	0	19509081	19581547	7480000	10840000	0.0638616	0.052265	301861	2.72738	2.26982	-0.361956	-0.465553	0.00163644	0.00163408	4.244766149
X2576	M18	2	0	20385927	20394195	6960000	11680000	-0.0469803	0.0678155	291406	2.73269	2.31855	-0.367105	-0.495043	0.00178798	0.00179028	3.581209549
X3252	M18	1	0	19675409	42344041	NA	NA	NA	NA	344907	NA	NA	-0.438117	-0.453257	0.00126343	0.00126819	2.636616541
X3258	M18	3	0	17790770	59643170	NA	NA	NA	NA	287229	NA	NA	-0.665616	-0.626347	0.00123813	0.00124543	3.510443323
X3311	M18	3	0	16685694	35339010	NA	NA	NA	NA	311314	NA	NA	-0.721542	-0.67901	0.00183441	0.00181826	3.337008559
X3506	M18	3	0	18493555	41158202	NA	NA	NA	NA	295098	NA	NA	-0.603582	-0.689894	8.78496e-4	8.83467e-4	3.88126262
X3531	M18	4	0	18004434	62330422	NA	NA	NA	NA	271922	NA	NA	-0.763762	-0.725848	0.00127127	0.0012804	4.082928937
X3737	M18	3	0	17573915	59681672	NA	NA	NA	NA	288931	NA	NA	-0.713181	-0.743878	0.00140413	0.00139383	3.815849223
C0001	M19	0	0	10048262	21380054	5040000	4720000	-0.0325783	0.0690726	231233	8.02593	2.61928	-0.505399	-0.50729	0.00104292	0.00104651	2.60083817
C0055	M19	0	1	10523415	10702800	4760000	5120000	-0.124324	0.0592856	241077	6.57451	2.49954	-0.307814	-0.307814	0.00142062	0.00143471	3.74234782
C0080	M19	2	2	11649595	100512774	6280000	4760000	0.28494	-0.00677835	244660	0.76897	2.51782	-0.938795	-0.960182	5.21411e-4	5.24287e-4	2.246494037
C0100	M19	0	2	10968634	10643030	7040000	3360000	0.234353	0.0486205	263077	26.265	2.49553	-0.261585	-0.261585	2.75875e-4	2.78444e-4	2.591669466
Eaethiops	M19	0	0	10039122	20667130	4600000	4560000	-0.0236936	0.193283	289152	19.445	2.76427	-0.408983	-0.411322	8.58512e-4	8.60277e-4	2.578706678
Ealbergana	M19	0	0	10274828	20161396	5760000	3560000	0.30149	0.0337522	734889	1.43725	3.40704	-0.882296	-0.889347	0.00166105	0.00161656	3.428486858
Ebubastis	M19	0	0	11508821	21862782	3400000	7440000	-0.286061	0.02385	257476	12.8137	2.36472	-0.629911	-0.635702	2.63946e-4	2.64988e-4	2.28985246
Echristi	M19	0	0	12407824	24329225	4000000	8000000	-0.223249	0.031001	272744	11.7304	2.58717	-0.592409	-0.618132	3.7787e-4	3.75554e-4	2.152793865
Edisa	M19	0	0	13043887	24500556	8560000	3040000	0.274313	0.0723903	309025	10.8884	2.1992	-0.494536	-0.547343	7.17378e-4	7.16068e-4	2.359618858
Eembla	M19	0	0	12397909	23322950	3400000	7960000	-0.226606	0.0222201	299051	10.5955	2.22776	-0.475985	-0.519637	0.00153232	0.00152693	2.244182178
Eepiphron	M19	1	0	12002861	44526442	320000	10200000	-0.478006	-0.0348771	270595	6.52466	2.1949	-0.62387	-0.68514	0.00129389	0.00131293	1.204717114
Eeriphyle	M19	0	0	10913408	20721460	6880000	3520000	0.25061	-0.0400515	235773	6.79461	2.40549	-0.491322	-0.504747	7.94908e-4	8.05615e-4	2.86037851
Eflavofasciata	M19	0	0	12022037	23425150	5320000	6160000	-0.119525	0.0154434	278732	5.57393	2.59548	-0.52142	-0.553525	6.64586e-4	6.68591e-4	2.437165836
Egorge	M19	0	0	10696333	20198989	7960000	2240000	0.359059	0.0366248	252725	11.2831	2.39418	-0.517142	-0.533236	6.8444e-4	6.83036e-4	2.806480887
Eligea	M19	0	0	10694144	21957822	7880000	2000000	0.434705	0.0382023	268538	0.599607	2.74173	-0.461185	-0.484051	0.00226144	0.00221051	2.409226694
Emanto	M19	0	0	11489466	21889959	5000000	6040000	-0.143458	0.0420426	243511	16.377	2.50681	-0.576389	-0.60006	3.43979e-4	3.43211e-4	2.225557507
Emedusa	M19	1	0	10666750	67860627	2280000	7880000	-0.285365	-0.0196406	261025	4.45764	2.40396	-0.686873	-0.694271	2.72682e-4	2.75177e-4	1.175330015
Emelampus	M19	0	0	11307728	20474587	4920000	5440000	-0.109844	-0.00848656	260268	11.4371	2.3907	-0.418739	-0.458895	4.81444e-4	4.8193e-4	2.614240837
Emelancholica	M19	1	0	10824069	20909187	4560000	5880000	-0.161	0.015271	253429	16.2736	2.3826	-0.521767	-0.53306	7.3918e-4	7.39772e-4	2.263022378
Emeolans	M19	0	0	11153191	22430873	4800000	5800000	-0.143641	-0.0218201	258925	11.8704	2.33521	-0.857689	-0.867205	3.67374e-4	3.69146e-4	2.332055257
Emnestra	M19	0	0	10079821	20342883	4240000	5320000	-0.161562	0.00877343	235357	11.9595	2.35578	-0.631619	-0.634045	4.12633e-4	4.13744e-4	2.462735135
Emontana	M19	1	0	11963291	23398372	2440000	8880000	-0.331688	0.0866979	244396	13.6369	2.42022	-0.474162	-0.498287	2.28461e-4	2.3026e-4	2.194468566
Epalarica	M19	0	0	11351429	19361803	2000000	8640000	-0.274348	0.0451632	253167	8.15981	2.56176	-0.957337	-0.984554	0.00104008	0.00105149	2.214490317
Epharte	M19	1	0	13652203	26487810	2120000	6800000	-0.446776	0.0666846	552364	2.34256	2.78404	-0.689363	-0.769037	0.00253269	0.0025472	3.247550967
Epronoe	M19	1	0	10657257	20506088	2600000	5400000	-0.319462	0.0565105	634467	3.16303	2.9295	-0.715502	-0.735669	0.00265748	0.00264614	2.976984824
Erondoui	M19	2	2	12070519	23324128	9320000	2040000	0.353753	0.0709281	267886	12.8207	2.33903	-0.499079	-0.538885	6.88102e-4	6.84807e-4	2.390739695
Estirius	M19	1	0	11814309	22775762	4280000	6720000	-0.210168	0.0665987	256756	6.53742	2.38722	-0.551433	-0.587634	5.5266e-4	5.5364e-4	2.323949096
Esudetica	M19	0	0	11148480	20597775	4840000	5520000	-0.163387	0.031663	263825	16.1915	2.47264	-0.499514	-0.527234	3.74435e-4	3.76238e-4	2.528707281
Etriaria	M19	1	0	10385759	21132875	4520000	5280000	-0.163045	0.108533	252590	15.6965	2.35096	-0.516728	-0.531349	7.99674e-4	8.06765e-4	2.367082655
Mcinxia	M19	0	0	NA	NA	NA	NA	NA	NA	NA	NA	NA	NA	NA	NA	NA	NA
Mjurtina	M19	0	0	8120690	16206753	NA	NA	NA	NA	233324	22.6667	2.31166	-0.428991	-0.428991	3.78063e-4	3.72813e-4	2.089066867
X2575	M19	0	0	11743424	23520168	7920000	3160000	0.322388	0.0299125	253545	2.3292	2.56688	-0.401958	-0.436821	0.00161858	0.00162145	2.867633866
X2576	M19	0	0	12668104	24995221	9280000	2200000	0.38365899999999997	0.031815	270886	2.3012	2.60561	-0.565388	-0.553577	0.00175599	0.00175992	2.627626411
X3252	M19	0	0	12058932	23741536	4280000	6720000	-0.218705	0.0588579	324486	5.42973	2.61758	-0.351839	-0.389467	0.00124521	0.0012523	2.522127121
X3258	M19	2	2	11638720	53625971	7800000	3120000	0.299975	-0.116618	250804	1.75588	2.44473	-0.647521	-0.677061	0.00126957	0.00127044	2.653852262
X3311	M19	1	0	9741886	36203990	6120000	2960000	0.261665	0.0692471	242816	4.08901	2.35521	-0.536742	-0.536742	0.00170513	0.00170327	2.300096488
X3506	M19	1	0	12093191	23423864	7920000	3440000	0.364949	0.00497749	263333	0.859429	2.52544	-0.637406	-0.679089	9.687e-4	9.98634e-4	3.111447977
X3531	M19	2	2	11396537	58256706	7440000	3360000	0.417912	-1.23117e-5	250453	0.974138	2.52596	-0.506187	-0.538888	0.00135677	0.00136061	3.068432162
X3737	M19	2	2	11514376	53234969	8440000	2440000	0.429461	-0.0842781	237826	0.994706	2.30414	-0.840734	-0.874671	0.00161623	0.00158831	2.584942001
C0001	M2	2	0	19950719	19993983	8440000	10920000	-0.0997848	0.0298206	254865	7.93421	2.499	-0.36933	-0.640077	0.00102982	0.00103895	3.409997189
C0055	M2	0	1	21551813	10858941	8240000	12000000	-0.162743	0.0512445	274303	5.58643	2.39711	-0.334332	-0.319167	0.00137998	0.00138658	4.517727127
C0080	M2	5	12	21957864	51384221	10480000	10400000	-0.147794	0.0347958	275727	1.30767	2.4193	-1.009	-0.961768	5.20574e-4	5.23092e-4	3.370473053
C0100	M2	4	12	22486179	9909090	10720000	10920000	0.144229	0.00493822	283726	30.2617	2.35924	-0.258191	-0.258191	2.70848e-4	2.72611e-4	3.87041233
Eaethiops	M2	0	0	20323618	20393906	7160000	11520000	-0.169682	0.0833792	288500	18.8109	2.69395	-0.306972	-0.540476	8.46305e-4	8.46184e-4	3.182660064
Ealbergana	M2	0	0	20133021	20394104	7880000	10440000	-0.0581222	0.0149712	919526	1.42131	3.35864	-0.754087	-0.969178	0.00155335	0.00155148	4.77924122
Ebubastis	M2	0	0	22258284	22283672	5920000	15080000	-0.319869	0.0754441	253614	12.1568	2.27213	-0.30491	-0.535378	2.53563e-4	2.55584e-4	2.954950662
Echristi	M2	1	0	23664765	36006851	5920000	17000000	-0.304131	-0.0377022	294203	7.19537	2.51336	-0.865942	-0.788645	3.69027e-4	3.70611e-4	0.93007862
Edisa	M2	0	0	26683730	26769592	6360000	17720000	-0.341408	0.0865908	300425	9.65357	2.15729	-0.398727	-0.621969	7.04635e-4	7.05413e-4	3.15338911
Eembla	M2	0	0	24652351	24726374	6800000	15960000	-0.288748	0.0788069	286590	10.3616	2.15229	-0.324272	-0.545324	0.0015338	0.00151891	3.19899108
Eepiphron	M2	3	1	23976217	24047148	8040000	13520000	-0.256081	0.109446	284807	12.6113	2.14964	-0.610005	-0.902898	0.00124908	0.0012382	3.213692187
Eeriphyle	M2	0	0	21332335	21404829	9000000	11600000	0.0350226	0.0378624	255350	6.77865	2.23515	-0.273275	-0.521462	7.40101e-4	7.40829e-4	4.607308463
Eflavofasciata	M2	0	0	23375189	23469644	7240000	14920000	-0.255825	0.05353	271030	5.69166	2.48682	-0.448198	-0.624632	6.93696e-4	6.89732e-4	2.992516506
Egorge	M2	2	0	20732048	35929433	17600000	2280000	0.57695	0.0778357	259693	6.25711	2.2899	-0.591162	-0.688434	6.86216e-4	6.85671e-4	0.940541233
Eligea	M2	0	0	20447326	20502510	14600000	4280000	0.385051	0.0453864	305312	0.59776	2.61483	-0.452177	-0.636621	0.00234595	0.00237998	3.763300835
Emanto	M2	0	0	22003834	22012891	7600000	13360000	-0.275328	0.0524161	267118	16.0754	2.45659	-0.419518	-0.656129	3.35544e-4	3.34577e-4	3.08928988
Emedusa	M2	3	0	21152553	67860627	4000000	16440000	-0.292565	0.104104	282054	4.43452	2.32265	-0.93677	-0.847585	2.75409e-4	2.76314e-4	1.367571044
Emelampus	M2	0	0	20482436	20486702	7400000	12120000	-0.194551	0.0567801	259867	11.9525	2.33951	-0.360611	-0.595199	4.64247e-4	4.64323e-4	3.25080113
Emelancholica	M2	6	2	22940402	48572573	4880000	17200000	-0.37034	-0.0266109	283063	5.89259	2.27247	-0.686916	-0.682045	7.54971e-4	7.58331e-4	2.44914909
Emeolans	M2	1	0	20289380	31184399	4560000	15160000	-0.336458	0.00709952	278403	7.70007	2.21298	-0.773057	-0.798679	3.66404e-4	3.64075e-4	2.421450348
Emnestra	M2	1	0	19837693	39848818	5160000	13880000	-0.411996	0.0168707	266712	5.11446	2.24326	-0.757334	-0.801184	3.97615e-4	3.97255e-4	3.092282517
Emontana	M2	6	2	24543643	54743242	19320000	3920000	0.375703	0.0629558	298667	5.16183	2.30193	-0.703173	-0.690194	2.19624e-4	2.18924e-4	1.880967686
Epalarica	M2	1	0	21785081	32765164	7440000	13160000	-0.190538	-0.0131342	258500	4.38614	2.55105	-0.978915	-1.0588	9.8852e-4	9.78416e-4	2.657373921
Epharte	M2	3	1	26482793	52396646	14760000	3280000	0.422296	0.150488	397071	0.990732	2.73749	-1.26303	-0.880082	0.00251131	0.00252057	1.649962408
Epronoe	M2	6	2	23089051	33550484	3560000	13520000	-0.561154	0.087428	398204	1.82687	2.83784	-0.980183	-0.820079	0.00268702	0.002692	3.199726815
Erondoui	M2	7	14	23889641	23923201	17640000	4760000	0.339712	0.0798244	290397	12.5363	2.21676	-0.428237	-0.590267	6.57321e-4	6.55966e-4	2.895224631
Estirius	M2	6	2	23637895	51764746	3600000	18840000	-0.454398	0.0249268	253707	2.30907	2.29707	-0.788983	-0.752113	5.31238e-4	5.33041e-4	1.346704464
Esudetica	M2	0	0	20704076	20708375	7480000	12080000	-0.278007	0.0750198	259595	16.1443	2.39285	-0.287722	-0.698863	3.66793e-4	3.68582e-4	3.871627671
Etriaria	M2	3	0	20041545	20125117	6960000	12280000	-0.283483	0.0605455	242077	15.4622	2.31085	-0.308017	-0.659499	8.10901e-4	8.16623e-4	3.416207439
Mcinxia	M2	0	0	NA	NA	NA	NA	NA	NA	NA	NA	NA	NA	NA	NA	NA	NA
Mjurtina	M2	0	0	17167036	17167998	NA	NA	NA	NA	269607	20.8466	2.20321	-0.288684	-0.414655	3.73107e-4	3.73321e-4	2.799794738
X2575	M2	0	0	23255788	23273520	12360000	9320000	0.209898	0.0499167	272305	2.36497	2.4725799999999998	-0.421368	-0.514186	0.00163738	0.00162276	3.635782527
X2576	M2	0	0	23481924	24294542	15920000	5800000	0.334539	0.0559231	284765	2.28407	2.49061	-0.548506	-0.568733	0.00176227	0.00177399	3.050685752
X3252	M2	0	0	22644166	22788675	6840000	14360000	-0.250892	0.0645047	339328	5.26347	2.51792	-0.333091	-0.441005	0.00127031	0.00126639	2.965770953
X3258	M2	5	12	21861833	51726949	13920000	6520000	0.310596	0.043492	263375	2.16223	2.32997	-0.86691	-0.755503	0.0013125	0.00129139	3.481504552
X3311	M2	3	0	18866787	34657205	7880000	10320000	-0.0305823	0.0356302	259944	3.79435	2.24138	-0.703182	-0.721161	0.00188322	0.00191079	3.070759106
X3506	M2	3	0	24792634	55380594	18320000	4960000	0.419341	0.101146	265848	0.340613	2.42634	-0.955882	-0.82893	9.88237e-4	9.8619e-4	3.118608808
X3531	M2	7	14	24073382	55578212	8520000	13720000	-0.319335	-0.0505929	268854	0.660637	2.46645	-1.27673	-0.942772	0.00143653	0.00143282	3.239019677
X3737	M2	5	12	21329836	50890982	12640000	7600000	0.354727	0.0259959	271776	1.21196	2.23074	-0.908805	-0.884894	0.00146946	0.00149052	4.055271753
C0001	M21	3	0	15823995	33198804	5480000	9880000	-0.24989	0.0940466	299308	3.99814	2.40318	-0.530714	-0.615794	0.00106185	0.00106183	2.955378286
C0055	M21	1	2	16483499	11429500	4600000	10960000	-0.292408	0.0568725	284750	5.12797	2.2925	-0.239732	-0.304091	0.00135024	0.0013156	3.975002776
C0080	M21	6	13	17333193	100512774	9560000	6760000	0.22256600000000001	0.108673	294500	0.622927	2.36987	-0.923766	-0.908737	5.50271e-4	5.50404e-4	2.941218149
C0100	M21	4	13	16141160	9648330	9080000	6520000	0.137836	0.0790317	279861	25.9608	2.29529	-0.48841	-0.48841	2.77298e-4	2.78748e-4	3.914266387
Eaethiops	M21	2	0	15983615	33210166	5360000	9080000	-0.229696	0.0622238	302404	11.2739	2.63408	-0.359563	-0.438664	8.64771e-4	8.66432e-4	2.884254238
Ealbergana	M21	1	0	15995741	15998670	6080000	8560000	0.155717	0.0155682	910667	1.90184	3.32276	-0.508763	-0.671773	0.00153031	0.00153002	4.55809621
Ebubastis	M21	0	0	17325444	17367408	11960000	4480000	0.350022	0.0642513	334275	16.0425	2.13444	-0.168547	-0.383787	2.34507e-4	2.31801e-4	2.700733551
Echristi	M21	4	0	18093923	34853143	1400000	15600000	-0.613503	0.261437	316411	8.7327	2.41765	-0.343088	-0.540017	3.71932e-4	3.68681e-4	1.031270225
Edisa	M21	0	0	19092611	19097376	13240000	4360000	0.334974	0.0775848	335429	14.4881	2.04421	-0.16605	-0.435088	7.06716e-4	7.12748e-4	3.446816504
Eembla	M21	0	0	19046648	19090841	4800000	12800000	-0.306889	0.0765385	359423	13.9167	2.07441	-0.184026	-0.427665	0.00149656	0.00149131	3.140337923
Eepiphron	M21	6	0	17031283	32172529	600000	15240000	-0.601575	0.312584	303636	10.0224	2.07214	-0.631079	-0.768271	0.00127472	0.00124731	1.696574958
Eeriphyle	M21	0	0	17176678	17307825	8280000	8120000	0.206899	0.0440931	272710	8.82427	2.10678	-0.213254	-0.376382	7.58958e-4	7.50568e-4	4.350778144
Eflavofasciata	M21	3	0	17758124	30337528	4400000	12720000	-0.330992	0.012891	279254	3.89172	2.37626	-0.521446	-0.622506	6.3561e-4	6.32182e-4	2.345981487
Egorge	M21	3	0	16687964	16744430	12080000	3880000	0.331402	0.0534661	292071	14.1095	2.2264	-0.302213	-0.512748	6.82489e-4	6.83e-4	3.360123144
Eligea	M21	0	0	16784155	16808099	12120000	3520000	0.354515	0.0375377	311827	0.756733	2.51727	-0.326885	-0.472112	0.00233174	0.00227113	3.130958185
Emanto	M21	0	0	17501379	17561046	5600000	11080000	-0.281444	0.0416724	318463	20.5323	2.38303	-0.231674	-0.418364	3.31638e-4	3.31098e-4	2.99299915
Emedusa	M21	4	2	16104375	44867491	1640000	13920000	-0.540092	0.0920494	300615	7.4107	2.29169	-0.44735	-0.533982	2.71081e-4	2.68715e-4	1.884209833
Emelampus	M21	1	0	16430037	16442104	5120000	10440000	-0.264104	0.0622609	314314	15.3278	2.24213	-0.286635	-0.492882	4.20511e-4	4.23869e-4	3.174030752
Emelancholica	M21	5	2	16729332	16751073	5040000	11120000	-0.314293	0.0443125	289263	20.5924	2.15395	-0.201879	-0.373283	7.44338e-4	7.43739e-4	2.79607516
Emeolans	M21	3	0	16033786	35789766	12000000	3600000	0.36913	0.0434811	303404	6.56012	2.08852	-0.524757	-0.658894	3.56755e-4	3.58466e-4	2.804270563
Emnestra	M21	2	0	14893031	31145141	3720000	10520000	-0.44808	0.11032	265673	6.75349	2.16563	-0.531781	-0.629201	4.02113e-4	4.00513e-4	2.536231427
Emontana	M21	5	2	17709347	17793263	12800000	4000000	0.319068	0.0695783	322111	18.8005	2.2095	-0.217841	-0.401426	2.10808e-4	2.09408e-4	2.107318288
Epalarica	M21	3	0	16754444	37589252	6120000	10040000	-0.222977	0.0974018	311302	3.72982	2.49666	-0.722876	-0.83093	0.00100778	0.00101698	2.469227858
Epharte	M21	6	0	19587619	44668484	3760000	10240000	-0.363559	0.0533137	431722	0.92805	2.74447	-0.738431	-0.74067	0.00250471	0.00250986	3.101073109
Epronoe	M21	5	2	16305010	28760983	1000000	12240000	-0.756575	0.166362	471412	2.20458	2.84327	-0.757606	-0.702349	0.0026696	0.00267347	3.003450078
Erondoui	M21	6	14	17964158	16842500	12720000	4240000	0.35122	0.0609847	326885	18.5216	2.12868	-0.289161	-0.415543	6.53393e-4	6.54059e-4	2.98112613
Estirius	M21	5	2	17194359	17251472	5000000	11440000	-0.324817	0.054401	306000	9.1531	2.21014	-0.258165	-0.443612	5.22243e-4	5.21281e-4	2.987881559
Esudetica	M21	1	0	16330011	16399095	5440000	10000000	-0.281093	0.0761504	328224	21.1717	2.37492	-0.213196	-0.434211	3.6545e-4	3.65145e-4	3.445313975
Etriaria	M21	4	2	15903026	27210377	4520000	10680000	-0.363633	0.0950399	306196	11.0389	2.30296	-0.425286	-0.533217	8.51677e-4	8.66174e-4	3.184950733
Mcinxia	M21	0	0	NA	NA	NA	NA	NA	NA	NA	NA	NA	NA	NA	NA	NA	NA
Mjurtina	M21	0	0	14019059	14033375	NA	NA	NA	NA	301136	25.6947	2.08416	-0.0824231	-0.214124	3.89586e-4	3.8831e-4	2.462167647
X2575	M21	0	0	18063835	18154764	12760000	4200000	0.349331	0.0459496	283571	3.06062	2.35597	-0.242652	-0.387558	0.00156926	0.00157759	3.253815748
X2576	M21	0	0	18808227	18876330	13760000	3840000	0.350529	0.0511615	309767	2.96099	2.34858	-0.300378	-0.435044	0.0018048	0.00179256	2.899093395
X3252	M21	0	0	18491468	18530825	5600000	11480000	-0.257888	0.0642412	328645	7.27712	2.51786	-0.275751	-0.369099	0.00123344	0.00123533	3.040969796
X3258	M21	6	13	17245451	53625971	11120000	4880000	0.280727	0.129212	309691	1.77086	2.24684	-0.732365	-0.74928	0.00132256	0.00135207	2.98408095
X3311	M21	3	0	15267072	32892634	7360000	7480000	0.0350595	0.106756	289635	3.97792	2.19369	-0.501213	-0.599104	0.0017628	0.00177832	2.933024513
X3506	M21	3	0	17882715	17886270	9600000	7080000	0.316657	0.0451424	332906	1.3295	2.32664	-0.312487	-0.501724	8.02497e-4	7.87362e-4	4.223621707
X3531	M21	6	14	17475596	53695017	9400000	6960000	0.217073	0.0105096	297172	0.655199	2.33803	-0.850614	-0.830881	0.0014585	0.0014613	3.926116711
X3737	M21	6	13	15851067	53234969	10160000	4960000	0.433574	0.238258	292057	1.22244	2.14176	-0.582549	-0.716356	0.0015436	0.00156764	3.333418742
C0001	M22	3	1	16915446	17046970	NA	NA	NA	NA	357386	NA	NA	-0.296526	-0.542952	0.00111821	0.0011354100000000001	4.351660942
C0055	M22	0	1	17150549	8936223	6280000	9600000	-0.0759776	0.0445756	347467	8.12874	2.25877	-0.385469	-0.385469	0.00137746	0.00139496	4.04500142
C0080	M22	5	5	15902122	100512774	12280000	3000000	0.610184	0.0933657	325250	0.900042	2.33607	-0.554802	-0.611851	4.93007e-4	4.99375e-4	3.569580367
C0100	M22	4	5	15733885	11601918	6480000	8560000	0.0930882	-0.00717478	367976	22.6032	2.21962	-0.251633	-0.251633	2.7038e-4	2.71419e-4	4.054683422
Eaethiops	M22	2	1	15679797	32713796	4960000	9560000	-0.256237	0.082633	343667	11.274	2.68604	-0.35415	-0.43334	8.63936e-4	8.65846e-4	3.097827229
Ealbergana	M22	2	1	15682285	34686210	6320000	8040000	-0.185568	-0.0367197	1077430	1.25322	3.38263	-0.779809	-0.799685	0.00155541	0.00155104	4.580332667
Ebubastis	M22	0	0	17050364	17168523	5840000	10400000	-0.160409	0.0689117	331837	16.6226	2.09508	-0.164358	-0.324301	2.393e-4	2.37706e-4	4.176881236
Echristi	M22	2	1	18076809	18114663	6160000	11000000	-0.11749	0.058076	373543	16.3808	2.37735	-0.250997	-0.398029	3.6628e-4	3.68038e-4	3.626529934
Edisa	M22	0	0	19647212	19686399	6920000	11160000	-0.0162837	0.0816525	340132	13.9763	2.0058	-0.214114	-0.407828	6.94624e-4	6.92924e-4	4.411784457
Eembla	M22	0	0	19190407	19201324	6480000	11240000	-0.110758	0.0890618	370260	13.7916	2.0095	-0.206215	-0.403993	0.00150671	0.00150709	3.862809077
Eepiphron	M22	4	1	18366043	52270995	10040000	6600000	0.289061	0.0231922	368688	4.8038	2.03656	-0.790833	-0.782716	0.00126003	0.00126651	3.37380874
Eeriphyle	M22	0	0	17015911	17024574	6360000	9914071	0.0829606	0.0590088	336375	8.77977	2.05514	-0.238975	-0.330828	7.45087e-4	7.52125e-4	5.956540048
Eflavofasciata	M22	2	1	18502925	18552431	6360000	11200000	-0.147461	0.0618756	320519	7.30725	2.3233	-0.348554	-0.470773	6.86238e-4	6.70924e-4	3.875396602
Egorge	M22	3	1	16913524	17091388	6200000	9920000	-0.0265264	0.0628887	337778	14.0443	2.15264	-0.263568	-0.437942	6.86932e-4	6.90023e-4	5.056152445
Eligea	M22	0	0	17499037	17510833	6400000	9680000	-0.0219914	0.0552901	317902	0.745429	2.46959	-0.277529	-0.412623	0.00233659	0.00237931	4.712035974
Emanto	M22	0	0	17185393	17315353	6000000	10520000	-0.202499	0.0459533	332196	21.1179	2.35161	-0.268069	-0.428522	3.28177e-4	3.25627e-4	3.443701777
Emedusa	M22	4	1	16151341	35859892	3200000	12120000	-0.474636	-0.0612368	364791	9.18491	2.25645	-0.400843	-0.528109	2.7737e-4	2.76485e-4	2.938262422
Emelampus	M22	1	1	16226678	26553488	4600000	10720000	-0.271857	-0.0197886	358023	8.26494	2.22318	-0.418051	-0.527543	4.65504e-4	4.66398e-4	3.864580984
Emelancholica	M22	3	3	17110535	17111114	5560000	10840000	-0.242757	0.0543493	320958	20.1761	2.12871	-0.21902	-0.353979	8.02993e-4	8.13511e-4	3.786038715
Emeolans	M22	4	1	16552495	33909082	5520000	10400000	-0.251118	0.00902812	384000	6.85436	2.07682	-0.54084	-0.61543	3.68076e-4	3.67758e-4	3.755053186
Emnestra	M22	3	1	14762635	49598398	2600000	11640000	-0.612833	0.11506	352333	4.00943	2.14797	-0.441427	-0.533314	4.22517e-4	4.20313e-4	3.673595911
Emontana	M22	3	3	18178323	18251447	6520000	10600000	-0.0420986	0.0875045	378532	18.0181	2.16252	-0.186539	-0.354187	2.15169e-4	2.1404e-4	3.428806354
Epalarica	M22	4	1	17178333	35371117	5840000	10000000	-0.195206	-0.00136719	354809	3.68496	2.52456	-0.730369	-0.776832	0.00105124	0.00107157	3.212741288
Epharte	M22	4	1	20564407	31771153	2840000	11120000	-0.538209	0.124629	511764	1.22326	2.74963	-0.759564	-0.735982	0.00255332	0.00253339	3.698248666
Epronoe	M22	3	3	16942488	16957760	4160000	8840000	-0.356218	0.0631667	471758	3.37867	2.83227	-0.50684	-0.60291	0.00270001	0.00268752	3.870987304
Erondoui	M22	5	6	18842589	27318473	6000000	11600000	-0.185133	0.0734594	362375	10.5214	2.08563	-0.356983	-0.460501	6.54388e-4	6.59859e-4	3.419920015
Estirius	M22	3	3	17402048	17540758	5520000	11000000	-0.245149	0.0618799	348143	9.01133	2.17149	-0.252873	-0.390753	5.17014e-4	5.16105e-4	3.970037793
Esudetica	M22	1	1	15882709	26628098	4440000	10640000	-0.403461	0.0227647	362302	11.7919	2.31695	-0.398292	-0.516532	3.74156e-4	3.7522e-4	4.137226121
Etriaria	M22	4	1	15786523	35514798	3560000	11640000	-0.508979	-0.0604838	358415	7.87989	2.26426	-0.400844	-0.529288	8.05885e-4	8.08343e-4	3.37101772
Mcinxia	M22	0	0	NA	NA	NA	NA	NA	NA	NA	NA	NA	NA	NA	NA	NA	NA
Mjurtina	M22	0	0	13511844	13525129	NA	NA	NA	NA	341306	26.8438	2.1124	-0.174398	-0.229948	3.91233e-4	3.915e-4	3.531990084
X2575	M22	0	0	16883325	17746339	6920000	8880000	0.109634	0.0454854	348191	3.17242	2.32254	-0.279582	-0.347098	0.00161642	0.00160662	4.546010043
X2576	M22	0	0	18689500	18709903	7680000	9520000	0.145387	0.0636454	354571	2.86912	2.35118	-0.336395	-0.405981	0.00173642	0.00172698	4.073149899
X3252	M22	0	0	18545493	18607849	6040000	11120000	-0.19832	0.0699979	385913	7.22127	2.45981	-0.22806	-0.315982	0.00124309	0.00124383	3.844000943
X3258	M22	5	5	16654003	45556366	5800000	10040000	-0.075919	0.128959	357136	2.34101	2.23486	-0.430051	-0.519585	0.00129598	0.00130776	3.959676777
X3311	M22	3	3	14731661	36434408	4520000	9640000	-0.19327	0.124156	306267	3.52046	2.14316	-0.460626	-0.525478	0.00173596	0.00173571	3.72045928
X3506	M22	3	3	17380445	18243234	7600000	8720000	0.200397	0.0350038	320154	1.25749	2.27048	-0.307898	-0.438647	8.3739e-4	8.25389e-4	5.591430221
X3531	M22	5	6	17622672	72478779	4080000	12520000	-0.650185	0.0265147	340176	0.716582	2.30811	-0.501439	-0.567541	0.00132882	0.00133522	4.515460948
X3737	M22	5	5	16758937	46561267	7000000	8800000	0.10946	0.131332	367293	1.36163	2.11258	-0.581927	-0.63441	0.00141468	0.00139835	4.244668337
C0001	M23	7	1	13898341	29433780	5960000	7280000	-0.109803	0.030615	294391	4.6808	2.34661	-0.437846	-0.512721	0.00110908	0.00111104	2.751503748
C0055	M23	1	2	15547433	11269880	5280000	8000000	-0.240249	0.0694113	316064	5.78438	2.17509	-0.279737	-0.354468	0.00148992	0.0014827	6.478110372
C0080	M23	4	13	16969443	68248669	5520000	10240000	-0.324952	0.0999281	294509	0.741648	2.23225	-0.747346	-0.725299	5.60598e-4	5.65164e-4	3.427801707
C0100	M23	3	13	16057638	8702540	5920000	8000000	-0.0777433	0.0451748	312979	32.3623	2.16992	-0.406599	-0.406599	2.85016e-4	2.84556e-4	3.42510687
Eaethiops	M23	3	0	14197924	32635269	5680000	6680000	-0.132047	0.139324	339537	11.5334	2.46976	-0.313338	-0.386404	9.13137e-4	9.0633e-4	3.02657984
Ealbergana	M23	3	0	13897022	33935044	5200000	7040000	-0.280795	0.0223901	617278	1.38638	3.32991	-0.660413	-0.738009	0.00164697	0.00165649	3.662429688
Ebubastis	M23	0	0	15533125	15555256	10360000	4320000	0.325683	0.0591166	314646	18.2547	2.04169	-0.281347	-0.364225	2.50085e-4	2.48273e-4	5.800614908
Echristi	M23	5	0	16552309	59666597	NA	NA	NA	NA	336917	NA	NA	-0.454173	-0.465894	3.79174e-4	3.80371e-4	0.583839071
Edisa	M23	0	0	16361889	16368765	11280000	3800000	0.353657	0.0673073	339404	16.9868	2.0147	-0.293041	-0.402376	7.06706e-4	7.1519e-4	5.475650501
Eembla	M23	0	0	18385992	18433062	3520000	11560000	-0.37498	0.0788073	334500	15.5637	2.02849	-0.188053	-0.438426	0.00155122	0.00153723	3.304988734
Eepiphron	M23	7	1	17160807	56014570	11160000	3680000	0.243035	0.0367144	326196	4.57195	1.9396	-0.881973	-0.879227	0.00135057	0.00135241	2.3577349
Eeriphyle	M23	0	0	15076871	15109353	9760000	4520000	0.325832	0.0448416	294060	9.93493	2.03509	-0.254863	-0.287	8.05622e-4	7.95914e-4	8.999357329
Eflavofasciata	M23	4	0	17111564	42320112	2600000	12920000	-0.445267	0.276747	329078	2.84997	2.27699	-0.590621	-0.587379	6.66985e-4	6.70294e-4	4.229247049
Egorge	M23	7	1	14576018	33838872	6080000	7920000	-0.218364	0.0365038	307609	6.19369	2.11342	-0.472269	-0.538305	7.2293e-4	7.23975e-4	2.982191831
Eligea	M23	0	0	15234134	15249056	9680000	4360000	0.364537	0.0489228	321217	1.02858	2.42576	-0.22727	-0.350081	0.00237172	0.00237263	3.215907909
Emanto	M23	0	0	15889095	15973057	5960000	9200000	-0.249955	0.0451682	310700	22.4729	2.23982	-0.325503	-0.397897	3.70689e-4	3.8057e-4	4.096203594
Emedusa	M23	5	0	16859841	35828160	4960000	9280000	-0.230635	0.00429474	365556	9.57172	2.13129	-0.322599	-0.512001	2.90672e-4	2.89702e-4	0.784290845
Emelampus	M23	2	0	15226987	32779340	4320000	9920000	-0.280086	0.0837009	311396	6.43396	2.06774	-0.445436	-0.488755	4.80701e-4	4.84967e-4	4.789386508
Emelancholica	M23	8	2	14408670	48572573	2080000	11760000	-0.498104	0.271261	316534	6.18623	2.07532	-0.361753	-0.413262	7.80382e-4	7.84045e-4	2.342226111
Emeolans	M23	5	0	14178868	21694297	9240000	4360000	0.260054	0.0837292	321802	11.5059	2.04035	-0.525481	-0.577419	3.59639e-4	3.60259e-4	2.726303903
Emnestra	M23	5	1	12473845	41174756	3720000	8320000	-0.438875	0.100586	283674	4.8669	2.13455	-0.542354	-0.580517	4.20736e-4	4.21698e-4	2.157153369
Emontana	M23	8	2	16664162	54743242	13080000	2640000	0.511955	0.266371	298519	5.27336	2.08135	-0.402205	-0.460114	2.16865e-4	2.165e-4	2.728690881
Epalarica	M23	5	0	14177625	21893115	10080000	3480000	0.30545	0.0306157	307156	6.75435	2.40429	-0.613501	-0.693212	0.00104373	0.00106411	4.136864979
Epharte	M23	7	1	20304941	52396646	7080000	5440000	0.267982	-0.06721	469950	1.52448	2.73215	-0.490976	-0.581998	0.0026035	0.00259851	4.530223613
Epronoe	M23	8	2	14928688	47411051	6320000	4480000	0.277807	0.0344511	647475	1.66221	2.78972	-0.711316	-0.744052	0.00271571	0.00271735	2.991839579
Erondoui	M23	4	14	16716548	18985737	4960000	10640000	-0.29709	0.0722821	353304	15.6708	1.98808	-0.319904	-0.415112	6.95573e-4	6.96453e-4	5.741024111
Estirius	M23	8	2	15778535	51764746	3240000	11600000	-0.424612	0.232838	296385	2.51229	2.06396	-0.478058	-0.527857	5.58336e-4	5.61759e-4	4.039729276
Esudetica	M23	2	0	15419413	33221992	6120000	8160000	-0.269238	0.0794989	303720	8.98921	2.16073	-0.382299	-0.481856	4.04008e-4	4.06607e-4	3.034309473
Etriaria	M23	5	0	15134073	33856382	6240000	7960000	-0.19976	0.0521525	320435	8.04317	2.11285	-0.427794	-0.493032	8.49208e-4	8.59629e-4	3.185817453
Mcinxia	M23	0	0	NA	NA	NA	NA	NA	NA	NA	NA	NA	NA	NA	NA	NA	NA
Mjurtina	M23	0	0	12252299	12260180	NA	NA	NA	NA	298125	31.1646	2.08593	-0.162751	-0.254195	4.01862e-4	4.02552e-4	2.477527769
X2575	M23	0	0	15984703	15996639	10120000	4600000	0.311331	0.0474945	295434	3.90453	2.29231	-0.240833	-0.313093	0.00165556	0.0016825	5.219131175
X2576	M23	0	0	16573911	16705240	11160000	4000000	0.338576	0.0634238	298418	3.67716	2.31709	-0.321396	-0.403384	0.00174453	0.00174586	3.539244956
X3252	M23	0	0	18176207	18318666	3400000	11680000	-0.340458	0.0786055	386804	8.53473	2.27783	-0.171253	-0.30255	0.00134121	0.00134961	4.136277633
X3258	M23	6	13	17505969	55816921	9640000	5120000	0.180969	0.0918833	338412	1.74182	2.16955	-0.494933	-0.554988	0.00137289	0.00137084	3.287600612
X3311	M23	5	0	13800840	32477288	6520000	6080000	0.141849	0.0496737	314070	4.20205	2.14134	-0.36251	-0.436419	0.0018732	0.00187109	2.766107051
X3506	M23	5	0	16768690	55380594	10000000	5240000	0.410944	0.146302	300870	0.412406	2.18641	-0.456457	-0.579486	9.60244e-4	9.59488e-4	3.527843114
X3531	M23	4	14	16515383	58256706	8280000	6800000	0.235142	0.135276	285158	0.84689	2.19754	-0.433792	-0.486503	0.00144196	0.00144003	3.520160856
X3737	M23	6	13	15853085	73356314	8440000	5400000	0.37344	0.0771199	345511	1.02455	2.02186	-0.478021	-0.612401	0.00150458	0.00151337	3.165676458
C0001	M24	6	2	10386935	33384593	2560000	7560000	-0.40515	0.0236116	280086	4.03524	2.56895	-0.458103	-0.463057	0.00107703	0.00106423	3.061745748
C0055	M24	2	0	11573585	13172058	4160000	6440000	-0.132672	0.0285262	297135	4.23462	2.44	-0.246348	-0.273756	0.00133952	0.00134152	4.301857744
C0080	M24	6	4	12570830	100512774	9200000	2600000	0.368829	-0.0529733	292976	0.623295	2.49199	-0.702892	-0.735911	5.2338e-4	5.28179e-4	3.510032495
C0100	M24	5	4	11139097	10127700	5120000	5720000	0.121428	-0.0172432	294441	30.8524	2.44497	-0.234131	-0.234131	2.81938e-4	2.84045e-4	3.581341109
Eaethiops	M24	5	2	11029979	26157013	3600000	6480000	-0.230806	0.010622	288722	14.3964	2.7605	-0.34842	-0.351524	8.6558e-4	8.67479e-4	2.872186815
Ealbergana	M24	3	1	10522465	25275277	3840000	5880000	-0.265281	0.0172704	433000	1.7397	3.43122	-0.59522	-0.592928	0.00155353	0.00155899	3.088263035
Ebubastis	M24	0	0	12262790	12331401	2915907	8760000	-0.306165	0.0597085	290423	24.6285	2.29467	-0.223829	-0.222481	2.39491e-4	2.41617e-4	3.095006634
Echristi	M24	6	4	13120672	41682312	2320000	10160000	-0.493339	-0.00167599	333795	6.12902	2.58996	-0.537551	-0.533976	3.90676e-4	3.97269e-4	2.150615112
Edisa	M24	0	0	13680221	13701603	3360000	8880000	-0.306641	0.0809866	316250	21.5738	2.2459	-0.297601	-0.362278	6.66434e-4	6.6977e-4	3.327168852
Eembla	M24	0	0	13770923	13895811	3160000	8800000	-0.31087	0.0776409	296186	21.7858	2.22624	-0.219713	-0.329682	0.00152866	0.00153351	3.057257745
Eepiphron	M24	7	4	11921301	38966965	2040000	8840000	-0.442512	0.054258	337143	7.18954	2.21779	-0.670184	-0.693359	0.00128902	0.0012773	2.581506125
Eeriphyle	M24	0	0	12578675	12606027	5080000	6760000	0.00504665	0.0525683	299077	12.9729	2.26332	-0.187481	-0.196511	8.18895e-4	8.11991e-4	3.957787368
Eflavofasciata	M24	5	4	12822674	22460935	2560000	9720000	-0.468195	0.187577	313026	6.32078	2.54963	-0.347596	-0.365438	6.58569e-4	6.62267e-4	2.607280845
Egorge	M24	6	2	10388408	33200103	8640000	1440000	0.428478	-0.015114	278343	6.69265	2.38491	-0.507227	-0.50563	6.65542e-4	6.66171e-4	2.681970604
Eligea	M24	0	0	12423938	12430952	3520000	7960000	-0.289684	0.0422972	297333	1.28865	2.67348	-0.253585	-0.273011	0.00231365	0.0022919	3.237485126
Emanto	M24	0	0	12517226	12549477	4200000	7720000	-0.213325	0.0511776	304919	30.5561	2.45984	-0.185813	-0.240641	3.90575e-4	3.97742e-4	2.722516788
Emedusa	M24	5	3	11484515	44867491	1280000	9600000	-0.504377	0.016266	294395	7.20824	2.37001	-0.511452	-0.508971	2.73021e-4	2.74272e-4	2.317209445
Emelampus	M24	3	0	10927267	17850673	2440000	7800000	-0.431029	0.141294	286471	14.5594	2.41644	-0.339481	-0.333428	4.395e-4	4.39935e-4	2.745275963
Emelancholica	M24	9	7	11552398	18769979	2200000	8880000	-0.47211	0.157768	291222	18.9297	2.34256	-0.289353	-0.295182	7.76602e-4	7.8044e-4	2.6604643
Emeolans	M24	4	1	10780482	27369994	2840000	7520000	-0.412817	0.106529	300088	9.32486	2.26516	-0.394948	-0.399256	3.55643e-4	3.54e-4	2.575498643
Emnestra	M24	6	2	10785175	41174756	1880000	8480000	-0.512498	-0.0461855	293914	4.69013	2.2816	-0.568739	-0.573195	4.00247e-4	4.00965e-4	2.954828863
Emontana	M24	9	7	12821354	21264069	1720000	10400000	-0.469646	0.188652	334208	15.5021	2.38864	-0.304463	-0.307032	2.11385e-4	2.11505e-4	2.152118221
Epalarica	M24	4	1	10685544	28095353	2080000	8320000	-0.544866	0.120801	278750	5.43302	2.61878	-0.554539	-0.568402	9.97442e-4	9.79641e-4	2.488813493
Epharte	M24	7	4	14671389	25751287	7840000	1400000	0.588791	0.094199	592550	1.92087	2.88427	-0.367429	-0.50333	0.00247953	0.00248835	2.841685218
Epronoe	M24	9	7	11563209	36587385	5920000	2760000	0.317855	-0.0852668	582222	1.43516	3.04809	-0.585243	-0.580922	0.00271193	0.00272847	2.999801929
Erondoui	M24	6	5	11858841	24316123	6440000	4720000	0.101965	0.0185758	304944	11.8507	2.28151	-0.344181	-0.344181	6.52189e-4	6.54863e-4	3.051880001
Estirius	M24	9	7	12347998	20210227	2080000	9640000	-0.498305	0.18742	290190	8.06612	2.35123	-0.376519	-0.375364	5.23927e-4	5.27833e-4	2.628179669
Esudetica	M24	3	0	11278035	18120919	1760000	8680000	-0.541913	0.133365	279263	19.8019	2.40174	-0.260479	-0.27305	3.6889e-4	3.66151e-4	2.676086213
Etriaria	M24	5	3	11089467	27210377	4520000	5800000	-0.201655	0.0349949	286868	10.991	2.3615	-0.40519	-0.416949	8.05906e-4	7.9446e-4	3.270607825
Mcinxia	M24	0	0	NA	NA	NA	NA	NA	NA	NA	NA	NA	NA	NA	NA	NA	NA
Mjurtina	M24	0	0	9366288	9382838	NA	NA	NA	NA	291533	38.1659	2.3144	-0.0671211	-0.0671211	3.59095e-4	3.59286e-4	2.804636564
X2575	M24	0	0	12814640	12864120	4800000	6958641	-0.114363	0.050111	328889	4.80339	2.54801	-0.307097	-0.296909	0.00164744	0.00165346	3.561753598
X2576	M24	0	0	13286752	13310476	4400000	7560000	-0.182244	0.0529625	297512	4.80834	2.49922	-0.222564	-0.230748	0.00169468	0.00164077	3.113852749
X3252	M24	0	0	13962189	14093891	4120000	8560000	-0.262118	0.0732631	375757	10.08	2.64303	-0.143573	-0.189735	0.00126283	0.00126191	2.694377388
X3258	M24	6	4	12648371	45556366	7120000	4640000	0.178896	-0.100316	301100	1.87977	2.40992	-0.643554	-0.644305	0.00132625	0.00130696	2.875203607
X3311	M24	8	7	10537927	29019354	4520000	5680000	-0.0340838	-0.0479784	290562	4.75613	2.32455	-0.479958	-0.479958	0.00179285	0.00177739	2.916452631
X3506	M24	8	7	12525978	20686054	4080000	7640000	-0.125318	0.144923	310316	1.1426	2.50787	-0.411185	-0.400212	8.535e-4	8.47784e-4	3.303997343
X3531	M24	6	5	13246489	72478779	4360000	7920000	-0.465851	-0.108864	294070	0.48322	2.49951	-0.647078	-0.672467	0.001327	0.00133679	3.72715132
X3737	M24	6	4	12456566	46561267	7800000	3800000	0.294586	-0.0657111	289073	1.05886	2.30885	-0.637171	-0.674624	0.00138183	0.0013548500000000001	3.068342255
C0001	M25	6	2	7191121	33384593	2600000	4400000	-0.206676	0.0263382	265308	4.58572	2.66604	-0.377349	-0.377349	9.80877e-4	9.83048e-4	2.292743076
C0055	M25	2	0	7413929	15142388	3000000	3960000	-0.217272	0.00390611	268731	3.33444	2.49069	-0.448591	-0.448591	0.00144405	0.00141149	3.191728331
C0080	M25	6	4	7899386	100512774	5520000	1520000	0.414239	-0.0590739	267481	0.635201	2.52633	-0.654111	-0.654111	5.14471e-4	5.07984e-4	2.167266833
C0100	M25	5	4	7320926	7410055	2760000	4240000	-0.136583	0.0403312	254923	34.6098	2.58305	-0.166683	-0.166683	2.73791e-4	2.75063e-4	2.800185231
Eaethiops	M25	5	2	7230643	23813336	3920000	2720000	0.0686688	0.0614278	244889	16.1013	2.8097	-0.305217	-0.305217	8.59333e-4	8.63393e-4	2.220813899
Ealbergana	M25	4	1	6957879	25213507	2520000	3840000	-0.34127	-0.00288571	1025670	2.17327	3.4705	-0.608656	-0.608656	0.00151905	0.00151466	1.921048624
Ebubastis	M25	0	0	9258864	9297075	2720000	6120000	-0.291862	0.0736026	268781	33.2096	2.40706	-0.0994086	-0.0994086	2.39326e-4	2.42169e-4	2.899151788
Echristi	M25	8	4	9011916	27417447	1440000	7280000	-0.489083	-0.0600272	300429	10.0747	2.59868	-0.348363	-0.348363	3.66649e-4	3.65647e-4	1.899215505
Edisa	M25	0	0	10096332	10138729	2880000	6040000	-0.259214	0.0898223	272529	31.6028	2.23192	-0.45524	-0.453047	6.77959e-4	6.69221e-4	3.833234556
Eembla	M25	0	0	10292460	10384227	2360000	6760000	-0.318831	0.0665926	289094	29.6957	2.25243	-0.52285	-0.522663	0.0014709	0.00146584	4.11453437
Eepiphron	M25	10	4	8398338	26292596	1520000	6160000	-0.328547	0.0398303	289870	11.3745	2.128	-0.558963	-0.558963	0.00119879	0.00120159	2.367566536
Eeriphyle	M25	0	0	8954163	9172582	4200000	4311859	-0.0494325	0.0744087	259344	19.4533	2.38504	-0.197618	-0.197618	7.51642e-4	7.59697e-4	3.297426929
Eflavofasciata	M25	7	4	8693069	42320112	240000	8160000	-0.579187	0.0760567	335375	2.87626	2.60145	-0.382827	-0.382827	6.69848e-4	6.76433e-4	1.833671984
Egorge	M25	6	2	7331519	33200103	6480000	640000	0.587255	0.0102074	231103	7.04306	2.4587	-0.354082	-0.354082	6.87571e-4	6.8925e-4	1.897775197
Eligea	M25	0	0	9073189	9194221	5640000	2720000	0.297367	0.0449732	292034	1.76758	2.78393	-0.0922784	-0.0922784	0.0023584500000000002	0.00238032	2.750562122
Emanto	M25	0	0	9385750	9752669	2640000	6000000	-0.267366	0.0731115	278688	42.625	2.58152	-0.370551	-0.370551	3.31077e-4	3.32e-4	2.578752774
Emedusa	M25	8	1	8012374	67860627	920000	6840000	-0.439455	0.122979	249438	4.42976	2.41375	-0.481292	-0.481292	2.73597e-4	2.75243e-4	1.130465927
Emelampus	M25	3	0	7440080	21913403	1560000	5600000	-0.411221	-0.037841	275800	11.2157	2.51167	-0.434841	-0.434841	4.50208e-4	4.53271e-4	2.136717685
Emelancholica	M25	10	8	7396978	17020046	5840000	1400000	0.398658	-0.0490424	276280	20.9439	2.42864	-0.308303	-0.308303	7.02984e-4	7.00526e-4	2.372765659
Emeolans	M25	6	1	7428921	21694297	6200000	1080000	0.487029	-0.0576729	241310	11.7555	2.31755	-0.463439	-0.463439	3.74463e-4	3.78359e-4	2.042472566
Emnestra	M25	6	2	6758044	41174756	2080000	4440000	-0.243454	0.0285169	223714	5.20653	2.38653	-0.457458	-0.457458	4.06071e-4	4.0783e-4	2.008839625
Emontana	M25	10	8	7983756	18249341	7000000	720000	0.518406	-0.03889	258250	18.5254	2.51931	-0.198822	-0.198822	2.18549e-4	2.19591e-4	1.461162948
Epalarica	M25	6	1	7611727	21893115	6560000	720000	0.382028	0.0493025	281904	7.42468	2.56964	-0.663884	-0.663884	9.72725e-4	9.7497e-4	1.295952871
Epharte	M25	10	4	10384821	36939056	2080000	4240000	-0.404508	-0.165761	637133	1.32171	2.98752	-0.528796	-0.534392	0.00251727	0.00249859	2.741927564
Epronoe	M25	10	8	7503240	24606128	1960000	3800000	-0.296314	-0.159317	570833	1.98093	3.0412	-0.528316	-0.528316	0.00264289	0.00265818	2.35161502
Erondoui	M25	6	5	7833591	21313773	6720000	760000	0.482442	-0.0151091	271037	14.7264	2.3962	-0.412066	-0.412066	6.82349e-4	6.82113e-4	1.925791591
Estirius	M25	10	8	7993058	18257020	6160000	1480000	0.458553	-0.0129001	272893	8.61164	2.44979	-0.333978	-0.333978	5.35754e-4	5.41627e-4	1.555902644
Esudetica	M25	3	0	7459691	22049453	3360000	3680000	-0.164281	0.0329523	226129	16.0399	2.51775	-0.50514	-0.50514	3.72681e-4	3.7397e-4	2.519468241
Etriaria	M25	8	1	6986645	24023702	2360000	4480000	-0.26767	0.110507	300045	13.1321	2.37603	-0.457296	-0.457296	7.78484e-4	7.81069e-4	2.398256934
Mcinxia	M25	0	0	NA	NA	NA	NA	NA	NA	NA	NA	NA	NA	NA	NA	NA	NA
Mjurtina	M25	0	0	6910602	6918670	NA	NA	NA	NA	280087	52.4527	2.51498	-0.030916	-0.030916	3.90286e-4	3.89571e-4	1.942031731
X2575	M25	0	0	9717864	9744296	6240000	2760000	0.284732	0.0576786	288226	7.31881	2.62512	-0.181298	-0.181298	0.00151724	0.00151877	2.935200104
X2576	M25	0	0	10427474	10448985	2440000	6840000	-0.289246	0.0548631	295647	7.53091	2.68549	-0.2462	-0.248443	0.00166134	0.00165343	2.57999002
X3252	M25	0	0	11482481	11538255	2520000	7160000	-0.304048	0.076318	339000	13.8206	2.66567	-0.124067	-0.161535	0.00124881	0.00124224	2.284182882
X3258	M25	6	4	7578571	45556366	6520000	600000	0.598286	-0.0200742	238655	2.73403	2.52061	-0.417458	-0.417458	0.00117222	0.00117306	2.027682278
X3311	M25	8	7	7331918	26413045	3640000	3360000	0.0301857	-0.145277	245815	5.6332	2.41706	-0.418493	-0.418493	0.00182475	0.0018194	1.82820164
X3506	M25	8	7	8179168	18221605	7080000	640000	0.538468	-0.084174	253433	1.28233	2.62432	-0.307495	-0.307495	9.04648e-4	9.00661e-4	1.974324863
X3531	M25	6	5	8831374	72478779	6440000	1600000	0.191524	-0.058121	268750	0.596257	2.60247	-0.78906	-0.78906	0.00133147	0.0013487	2.10258222
X3737	M25	6	4	8635870	46561267	6600000	640000	0.612242	-0.123446	266600	1.57795	2.3689	-0.352123	-0.352123	0.00148434	0.00148644	2.114430238
C0001	M26	0	0	10062330	21380054	2680000	6520000	-0.29099	0.0151655	359200	7.07945	2.55027	-0.492162	-0.492162	0.00107957	0.0010684	3.05938159
C0055	M26	0	1	10236597	11310860	3680000	5920000	-0.144677	0.0885135	292636	5.11324	2.4182	-0.224922	-0.236771	0.00154961	0.00154553	4.158626376
C0080	M26	2	2	10100405	100512774	6840000	2840000	0.471422	0.0037609	368962	0.909734	2.53269	-0.481919	-0.485869	4.94591e-4	4.97974e-4	3.89577682
C0100	M26	0	2	10179393	11742304	4160000	5560000	-0.00536181	0.0747469	331655	20.3682	2.34344	-0.232613	-0.241187	2.74785e-4	2.73726e-4	3.686277954
Eaethiops	M26	0	0	10547932	20667130	2400000	6600000	-0.283979	0.0315079	310188	19.3345	2.86948	-0.463986	-0.472558	8.61386e-4	8.54037e-4	2.725280962
Ealbergana	M26	0	0	9864818	20161396	3760000	5040000	0.0731541	-0.00145742	611000	1.43836	3.47458	-0.859046	-0.859046	0.00155301	0.0015533	3.480326197
Ebubastis	M26	0	0	10252098	21862782	1840000	7640000	-0.328883	0.111523	290382	12.6238	2.22543	-0.502804	-0.507295	2.63977e-4	2.65556e-4	2.266746506
Echristi	M26	0	0	11829327	24329225	1240000	9200000	-0.441402	0.0743922	364419	11.8535	2.56547	-0.545253	-0.588395	3.6583e-4	3.65e-4	1.956916719
Edisa	M26	0	0	11331244	24500556	9160000	1400000	0.425325	0.114965	316829	11.0327	2.16671	-0.362378	-0.41719	6.84051e-4	6.87222e-4	2.627042581
Eembla	M26	0	0	10850626	23322950	1160000	9040000	-0.416606	0.156885	349467	11.0278	2.10193	-0.425214	-0.453901	0.0014811	0.00147498	2.479834804
Eepiphron	M26	1	0	10463639	44526442	40000	9560000	-0.645638	-0.0123922	318742	5.94341	2.116	-0.605166	-0.624512	0.00127266	0.00126159	1.127283858
Eeriphyle	M26	0	0	9755926	20721460	3400000	6040000	-0.0767989	0.149382	306117	6.86183	2.23291	-0.339675	-0.339675	7.428e-4	7.44518e-4	3.709956141
Eflavofasciata	M26	0	0	11011171	23425150	2600000	7840000	-0.354046	0.115891	350387	5.2024	2.48499	-0.534163	-0.561978	6.45038e-4	6.46676e-4	2.851870756
Egorge	M26	0	0	9441445	20198989	5520000	3600000	0.239096	0.0725911	328179	11.3073	2.33863	-0.401539	-0.401539	7.07309e-4	7.12825e-4	3.344808859
Eligea	M26	0	0	11205022	21957822	7680000	2200000	0.338795	0.0629084	357879	0.467842	2.63545	-0.607755	-0.632558	0.00223908	0.00223451	3.023129448
Emanto	M26	0	0	10285386	21889959	2120000	7600000	-0.400418	0.0751341	307200	16.2553	2.5211	-0.524964	-0.528345	3.23e-4	3.24091e-4	2.976982949
Emedusa	M26	1	0	10573455	67860627	1320000	8520000	-0.414243	-0.0988341	312812	4.51338	2.41604	-0.563266	-0.573662	3.05045e-4	2.95051e-4	0.964688609
Emelampus	M26	0	0	9101390	20474587	1840000	6634587	-0.414498	0.175069	298036	11.6098	2.37551	-0.388316	-0.388316	4.5362e-4	4.65243e-4	2.882556919
Emelancholica	M26	1	0	10024589	20909187	2480000	7160000	-0.354358	0.0927376	339857	16.0183	2.29768	-0.451235	-0.451235	7.53649e-4	7.54063e-4	2.404795618
Emeolans	M26	0	0	11217436	22430873	1200000	7760000	-0.416548	0.20318	390286	12.4509	2.16752	-0.720399	-0.788563	3.60988e-4	3.59859e-4	2.228991344
Emnestra	M26	0	0	10198901	20342883	1920000	6640000	-0.461122	0.13343	358444	12.4143	2.23372	-0.369474	-0.377799	3.95159e-4	3.97269e-4	2.945780189
Emontana	M26	1	0	11274542	23398372	2080000	8520000	-0.297258	0.0990869	337207	13.3401	2.30438	-0.395952	-0.433525	2.11459e-4	2.11667e-4	2.515567778
Epalarica	M26	0	0	7927261	19361803	960000	6320000	-0.418306	0.0746047	298083	7.24962	2.66049	-0.997011	-0.997011	9.71984e-4	9.69e-4	2.20668959
Epharte	M26	1	0	12664807	26487810	1000000	7200000	-0.502785	0.0376654	550714	1.81333	2.85757	-0.733848	-0.786757	0.00245724	0.0024408	2.828402486
Epronoe	M26	1	0	9782948	20506088	920000	6440000	-0.559859	0.0559959	604733	2.54832	2.9557	-0.602962	-0.602962	0.00266362	0.00265712	3.119986647
Erondoui	M26	2	2	11207687	23324128	7800000	2800000	0.281578	0.102013	321848	12.596	2.19845	-0.327969	-0.368271	6.61483e-4	6.55451e-4	2.741706731
Estirius	M26	1	0	10882181	22775762	2400000	8000000	-0.370651	0.0788723	350621	6.35733	2.33593	-0.457637	-0.495381	5.20098e-4	5.18231e-4	2.724709015
Esudetica	M26	0	0	9408681	20597775	2360000	6240000	-0.408457	0.174722	337000	16.3558	2.43443	-0.582745	-0.582745	3.61222e-4	3.5716e-4	3.670512216
Etriaria	M26	1	0	10644615	21132875	2560000	6640000	-0.335941	0.0578507	353042	15.7317	2.38292	-0.912092	-0.925834	8.00603e-4	7.77836e-4	3.172940517
Mcinxia	M26	0	0	NA	NA	NA	NA	NA	NA	NA	NA	NA	NA	NA	NA	NA	NA
Mjurtina	M26	0	0	8042275	16206753	NA	NA	NA	NA	282962	22.3375	2.17778	-0.230156	-0.230156	3.8e-4	3.801e-4	2.429236228
X2575	M26	0	0	11651185	23520168	4560000	6160000	0.0475584	0.0725314	359031	1.98165	2.47645	-0.417159	-0.456201	0.00167512	0.00168066	2.904962746
X2576	M26	0	0	11917740	24995221	8360000	2520000	0.319879	0.092052	365226	2.00544	2.45808	-0.333608	-0.401514	0.00191762	0.00192604	2.613334492
X3252	M26	0	0	11519544	23741536	2240000	7480000	-0.399299	0.0890248	378966	5.25246	2.57124	-0.467984	-0.482736	0.00132495	0.00134425	2.689291357
X3258	M26	2	2	10519524	53625971	5280000	4560000	0.141578	0.0161809	299152	1.98811	2.35405	-0.344492	-0.362155	0.00125583	0.00125073	3.201709705
X3311	M26	1	0	8849355	36203990	3560000	5040000	-0.0427774	0.0650025	305852	3.37122	2.22845	-0.461515	-0.461515	0.00188022	0.00186397	2.685974344
X3506	M26	1	0	11166282	23423864	5080000	5280000	0.166637	0.0969613	320500	0.836217	2.40744	-0.450902	-0.502842	9.535e-4	9.18627e-4	3.791450578
X3531	M26	2	2	10364683	58256706	4560000	5000000	0.095669	0.0646885	279686	0.653373	2.46958	-0.476701	-0.491801	0.00145228	0.00144008	3.68298622
X3737	M26	2	2	10175634	53234969	4400000	5280000	0.0992669	0.0331721	331552	1.17591	2.20811	-0.410517	-0.418707	0.00138656	0.00138677	3.492876858
C0001	M27	7	2	8635483	33384593	4160000	4240000	-0.00862936	0.246646	321192	4.72284	2.43255	-0.375076	-0.375076	0.00105392	0.00105747	2.488146125
C0055	M27	2	0	8774562	14157223	3040000	5240000	-0.276201	0.175638	280444	3.85238	2.35291	-0.299431	-0.299431	0.00148153	0.00148815	3.7261407
C0080	M27	6	4	8834783	100512774	7000000	1400000	0.458555	0.1445	331077	0.682866	2.40339	-0.698021	-0.698021	5.3887e-4	5.43087e-4	2.843783792
C0100	M27	5	4	8252502	10298613	3800000	4280000	0.0848177	0.0425283	320021	30.8654	2.25251	-0.323516	-0.323516	2.80736e-4	2.81892e-4	3.550308885
Eaethiops	M27	6	2	8822570	15738377	2040000	6160000	-0.345931	0.0835837	308440	25.5888	2.68194	-0.208463	-0.208463	8.46152e-4	8.46724e-4	2.33113659
Ealbergana	M27	4	1	8163806	25275277	3880000	3840000	-0.156989	0.0514949	2679000	2.08254	3.34372	-0.506445	-0.506445	0.00152913	0.00153163	3.852172287
Ebubastis	M27	0	0	10299930	10560760	5000000	4680000	0.17638	0.0720138	286188	30.1266	2.03251	-0.26864	-0.26916	2.36366e-4	2.37045e-4	4.027939601
Echristi	M27	8	5	9450485	31060698	2000000	7120000	-0.350788	0.146183	346333	9.08322	2.38875	-0.434291	-0.434291	3.99104e-4	3.84147e-4	3.197163462
Edisa	M27	0	0	11212243	11279697	4400000	5480000	0.047119	0.0886046	332767	28.2183	2.01767	-0.343837	-0.379996	6.86529e-4	6.83603e-4	3.898548053
Eembla	M27	0	0	11472594	11490609	6040000	4160000	0.241336	0.0932129	350031	24.3664	1.98563	-0.349269	-0.380838	0.00148796	0.00148246	3.312829568
Eepiphron	M27	10	5	9334322	30646299	2720000	5880000	-0.285616	0.173509	320808	9.42918	2.04072	-0.436331	-0.436331	0.00123973	0.0012602	3.2289597310000002
Eeriphyle	M27	0	0	10347683	10363567	5360000	4560000	0.235186	0.0572391	322967	15.9732	1.96848	-0.242015	-0.2522	7.25533e-4	7.26628e-4	5.775865221
Eflavofasciata	M27	7	5	9231678	30501528	NA	NA	NA	NA	632538	NA	NA	-0.332317	-0.332317	7.1342e-4	6.52685e-4	2.481736604
Egorge	M27	7	2	8613779	33200103	4400000	3960000	0.0605474	0.305616	342636	7.32037	2.17678	-0.356849	-0.356849	6.45321e-4	6.46565e-4	3.040153434
Eligea	M27	0	0	10150229	10157759	4880000	4560000	0.182993	0.0488096	301094	1.62724	2.48212	-0.204014	-0.206972	0.00221909	0.00222918	4.782566096
Emanto	M27	0	0	10471377	10809700	4000000	6000000	-0.157634	0.0485272	330033	36.0982	2.38728	-0.321106	-0.327407	3.36271e-4	3.30805e-4	2.74397081
Emedusa	M27	6	3	9537681	44867491	3200000	5320000	-0.136662	0.220392	324926	7.67469	2.20806	-0.319854	-0.319854	2.78506e-4	2.76411e-4	2.728422404
Emelampus	M27	4	0	8898144	28151261	3320000	5240000	-0.14374	0.0535177	362318	7.84458	2.20241	-0.512005	-0.512005	4.95937e-4	4.96096e-4	3.451776868
Emelancholica	M27	11	8	9493244	17020046	6520000	2520000	0.228871	0.136364	350167	20.5921	2.16448	-0.356665	-0.356665	7.23651e-4	7.27075e-4	2.718858025
Emeolans	M27	5	1	9028148	27369994	3000000	5680000	-0.233119	0.214554	315320	9.4641	2.08064	-0.441295	-0.441295	3.55086e-4	3.56473e-4	3.157898199
Emnestra	M27	7	2	8026080	32889962	2720000	4880000	-0.235492	0.212812	310545	7.00051	2.19305	-0.323368	-0.323368	4.0096e-4	4.02014e-4	3.015599207
Emontana	M27	11	8	9822490	18249341	5200000	4120000	0.171549	0.161059	318964	18.632	2.17361	-0.377562	-0.377562	2.15654e-4	2.1587e-4	2.292378721
Epalarica	M27	5	1	9013823	28095353	1920000	6800000	-0.369042	0.101289	305615	5.35896	2.52067	-0.545882	-0.545882	9.81162e-4	9.77368e-4	3.017604265
Epharte	M27	10	5	10597603	31771153	3800000	3440000	-0.0784237	-0.0241548	525658	1.32316	2.77	-0.594183	-0.600196	0.00250456	0.00252249	2.555539408
Epronoe	M27	11	8	8908925	28786611	3960000	3360000	-0.0868228	-0.115325	424500	1.48917	2.93062	-0.567698	-0.567698	0.00270538	0.00272483	2.79065714
Erondoui	M27	6	5	9183750	21313773	5680000	3120000	0.137115	0.239379	372542	15.1078	2.11907	-0.420934	-0.420934	6.29905e-4	6.29029e-4	2.921116346
Estirius	M27	11	8	9744295	18257020	6640000	2480000	0.238536	0.136746	341000	8.79544	2.19474	-0.421663	-0.421663	5.18864e-4	5.19273e-4	1.862197745
Esudetica	M27	4	0	8865320	28323266	3760000	4680000	-0.201676	0.0644444	297037	11.1879	2.36545	-0.511147	-0.511147	3.97354e-4	3.98958e-4	3.07953666
Etriaria	M27	6	3	8711144	31128320	2640000	5800000	-0.372238	0.124776	326538	9.44838	2.24714	-0.623927	-0.623927	7.73824e-4	7.77925e-4	2.640629196
Mcinxia	M27	0	0	NA	NA	NA	NA	NA	NA	NA	NA	NA	NA	NA	NA	NA	NA
Mjurtina	M27	0	0	8548914	8553788	NA	NA	NA	NA	346364	42.5972	1.98865	-0.22556	-0.22556	3.97889e-4	3.97667e-4	4.186691468
X2575	M27	0	0	10075510	10086221	5280000	4240000	0.237624	0.0475728	296194	5.8383	2.30112	-0.258303	-0.258303	0.00153708	0.00153938	5.287115303
X2576	M27	0	0	10877865	11431871	5600000	4200000	0.266749	0.0728863	280543	6.08768	2.29964	-0.400197	-0.398999	0.00169209	0.00168145	3.928141174
X3252	M27	0	0	11933758	12143548	4360000	6720000	-0.122988	0.0780665	432826	10.471	2.46633	-0.218942	-0.253245	0.00122927	0.00122638	3.688245049
X3258	M27	6	4	8444899	45556366	4760000	3320000	0.20841	0.234164	358304	2.62015	2.27229	-0.506099	-0.506099	0.0011998	0.00121036	3.379409229
X3311	M27	9	7	8551437	36434408	4000000	4200000	0.0409529	0.170977	326239	4.23041	2.20077	-0.48894	-0.48894	0.00186197	0.00181391	2.902648058
X3506	M27	9	7	9653332	18221605	4680000	4520000	0.12202	0.140507	312786	1.38684	2.31877	-0.473977	-0.473977	8.60395e-4	8.73693e-4	3.649861014
X3531	M27	6	5	9727677	72478779	3600000	5480000	-0.350665	0.152044	363385	0.595564	2.36406	-0.599267	-0.599267	0.00136925	0.0013718	3.571909068
X3737	M27	6	4	8367932	46561267	4680000	3440000	0.21763	0.268758	313538	1.50259	2.14552	-0.629932	-0.629932	0.00140573	0.00140563	3.869227327
C0001	M28	6	2	10105955	27845247	4480000	5360000	-0.134264	0.239123	261757	5.52611	2.34361	-0.444816	-0.447203	0.00101925	0.00101401	1.819086453
C0055	M28	1	1	10264183	14333503	3680000	6160000	-0.2379	0.0937938	280229	3.75633	2.31618	-0.334836	-0.34408	0.00145253	0.00142898	2.711364655
C0080	M28	4	5	11422094	51384221	4240000	6600000	-0.167584	0.106882	291737	1.091	2.2999	-0.504413	-0.556742	5.14767e-4	5.15548e-4	2.581623949
C0100	M28	3	5	10258675	10262476	5720000	4240000	0.16282	0.136442	311867	25.1186	2.28908	-0.166654	-0.166654	2.70548e-4	2.71397e-4	3.108628107
Eaethiops	M28	3	1	10278960	25576549	3320000	6320000	-0.225831	0.198083	317839	14.6215	2.5577	-0.296793	-0.304294	8.65634e-4	8.67614e-4	2.172886997
Ealbergana	M28	3	1	10306364	27470423	3360000	6240000	-0.0262912	0.0332962	692000	1.63686	3.27671	-0.443241	-0.452771	0.00152913	0.00153367	1.978951249
Ebubastis	M28	0	0	11718116	12059739	7920000	3360000	0.32195	0.0460514	286359	24.6009	2.08461	-0.0737955	-0.130229	2.34324e-4	2.35778e-4	2.694422519
Echristi	M28	5	1	11892758	36006851	2600000	9000000	-0.446271	0.172468	299079	7.5522	2.38223	-0.26019	-0.316321	3.54971e-4	3.53816e-4	0.728686655
Edisa	M28	0	0	13213754	13713577	9160000	2800000	0.344235	0.0783145	295395	22.2203	1.97307	-0.110066	-0.266321	6.77171e-4	6.81521e-4	2.763282876
Eembla	M28	0	0	12099848	12519461	8520000	2840000	0.318642	0.0717596	321972	23.8009	2.00697	-0.17804	-0.24667	0.0014459	0.00144272	2.092419269
Eepiphron	M28	8	1	12324804	52270995	8280000	2960000	0.279399	0.218412	275048	5.08667	2.02035	-0.536471	-0.57499	0.00125491	0.00125843	1.990141979
Eeriphyle	M28	1	0	11330880	11718943	7800000	3200000	0.316712	0.0289457	248989	14.7649	1.98885	-0.125015	-0.175894	7.13931e-4	7.21185e-4	3.603726059
Eflavofasciata	M28	4	1	12137023	30337528	3840000	7800000	-0.253434	0.0675481	283305	3.93461	2.37066	-0.364796	-0.424669	6.3699e-4	6.30062e-4	2.249873341
Egorge	M28	6	2	10858143	31933552	2800000	7280000	-0.432535	0.125564	293500	7.4146	2.15083	-0.333148	-0.377135	6.85258e-4	6.73956e-4	1.98046169
Eligea	M28	1	0	11584517	11914573	7680000	3160000	0.36231	0.0370473	261131	1.28096	2.48241	-0.146758	-0.209342	0.00217869	0.0021649	2.556375611
Emanto	M28	0	0	11885186	11901460	8680000	2800000	0.26751	0.0444548	283750	31.0616	2.35848	-0.190816	-0.251313	3.37557e-4	3.36896e-4	2.243595039
Emedusa	M28	5	1	10480511	28822133	3360000	6800000	-0.19803	0.221887	272054	12.0148	2.23264	-0.307693	-0.322878	2.66219e-4	2.67677e-4	1.770241712
Emelampus	M28	2	1	10312201	26553488	2720000	7200000	-0.324178	0.176052	297697	9.13716	2.20489	-0.330128	-0.339245	4.41849e-4	4.44011e-4	2.033033414
Emelancholica	M28	8	3	10327607	25262993	7280000	2800000	0.317312	0.1797	296121	13.4416	2.10346	-0.315334	-0.321672	7.13921e-4	7.10821e-4	1.930536971
Emeolans	M28	5	1	10765547	31184399	3520000	6960000	-0.288252	0.0814374	300206	7.6272	2.08057	-0.316382	-0.339295	3.68289e-4	3.6486e-4	1.900242948
Emnestra	M28	4	2	10785092	41174756	4040000	6400000	-0.197704	0.0622314	269895	4.60452	2.13383	-0.496437	-0.512395	4.17717e-4	4.13833e-4	1.910561603
Emontana	M28	8	3	11038348	27287710	7360000	3320000	0.356333	0.183157	288000	12.1082	2.13385	-0.237247	-0.270283	2.12543e-4	2.12012e-4	2.023386831
Epalarica	M28	5	1	10722644	32765164	1640000	8920000	-0.384713	0.137521	289343	4.54227	2.48937	-0.594098	-0.611597	9.51098e-4	9.55351e-4	1.662451085
Epharte	M28	8	1	12688505	31029253	6880000	2520000	0.364926	0.038172	507682	1.51464	2.66187	-1.05352	-0.955995	0.00254407	0.00251663	2.120208525
Epronoe	M28	8	3	10393850	33550484	4120000	4600000	-0.14428	0.0237083	505857	1.58006	2.77371	-0.432872	-0.44936	0.00270818	0.00271775	2.049566041
Erondoui	M28	6	7	11358675	19307217	7560000	3360000	0.317481	0.0644812	311386	16.0561	2.018	-0.228876	-0.287399	6.47817e-4	6.47687e-4	1.901591305
Estirius	M28	8	3	10900428	26671853	6560000	3880000	0.316393	0.148181	279541	5.72294	2.13039	-0.310521	-0.342333	5.28313e-4	5.26845e-4	2.034667292
Esudetica	M28	2	1	10723601	26628098	4640000	5520000	-0.113738	0.156305	277405	12.1407	2.38113	-0.322811	-0.341342	3.69884e-4	3.70307e-4	2.162114184
Etriaria	M28	5	1	10356541	27745043	3640000	6400000	-0.148986	0.264696	281611	11.1138	2.23227	-0.346181	-0.356568	7.94467e-4	8.03907e-4	1.956460021
Mcinxia	M28	0	0	NA	NA	NA	NA	NA	NA	NA	NA	NA	NA	NA	NA	NA	NA
Mjurtina	M28	0	0	9673203	10015917	NA	NA	NA	NA	305900	35.9118	2.05221	0.0219109	0.0219109	3.56385e-4	3.56308e-4	2.168331634
X2575	M28	1	0	11485569	29977464	7400000	3560000	0.320594	0.11639	278585	1.76609	2.3291	-0.261396	-0.308723	0.00155399	0.00155352	2.598623967
X2576	M28	1	0	11760455	30594791	7560000	3520000	0.376962	0.130866	262386	1.74133	2.34805	-0.265814	-0.312002	0.00169098	0.0016897	2.575279906
X3252	M28	0	0	12669981	12717221	2720000	9000000	-0.273909	0.0660575	365394	11.1621	2.4667	-0.224829	-0.272171	0.00125126	0.00124751	2.068250454
X3258	M28	4	5	11180391	51726949	6400000	4240000	0.128103	0.110226	271128	1.99282	2.2238	-0.414826	-0.45601	0.00127482	0.00127915	1.87248245
X3311	M28	5	1	10289468	42165168	4000000	6080000	-0.0032105	0.136736	291303	2.8446	2.11612	-0.41909	-0.426506	0.00174941	0.00174393	1.833046111
X3506	M28	5	1	11217109	27042848	7040000	3600000	0.36466	0.136376	313912	0.82717	2.29838	-0.35737	-0.396821	8.88895e-4	8.75034e-4	2.767240994
X3531	M28	6	7	10409555	55578212	2520000	7600000	-0.472776	0.220389	273000	1.06105	2.27578	-0.290334	-0.307466	0.00133939	0.00136611	2.344671567
X3737	M28	4	5	11353883	50890982	6160000	4760000	0.136505	0.117131	295000	1.0766	2.11616	-0.502116	-0.550589	0.00151808	0.00154453	2.738260324
C0001	M29	3	0	6104240	32829219	5000000	920000	0.401255	-0.010005	239652	4.86764	2.56129	-0.512248	-0.512248	0.00102462	0.0010146	2.452870712
C0055	M29	0	1	6899613	10992307	3600000	2680000	0.0806504	0.0206855	253020	5.86266	2.45748	-0.452178	-0.452178	0.00128867	0.00128402	3.442114424
C0080	M29	2	12	6131533	59976555	920000	5000000	-0.638969	-0.013055	244174	1.48898	2.44361	-0.486846	-0.486846	4.932e-4	4.92208e-4	2.642355533
C0100	M29	1	12	6169193	8885300	4360000	1680000	0.322372	-0.0211677	278474	29.719	2.41689	-0.236521	-0.236521	2.65196e-4	2.65551e-4	3.191987026
Eaethiops	M29	1	0	5738475	17872315	2360000	3040000	-0.0931906	0.138022	239143	21.3479	2.76556	-0.432844	-0.432844	8.43314e-4	8.42939e-4	2.529555601
Ealbergana	M29	2	0	5978831	25213507	2800000	2600000	-0.19386	0.0113367	587556	1.48978	3.43206	-0.743575	-0.743575	0.00160302	0.00160669	3.280130375
Ebubastis	M29	0	0	6496978	20259637	1200000	5000000	-0.445998	0.025117	291333	13.6574	2.39572	-0.411469	-0.411469	2.52075e-4	2.52725e-4	2.278324033
Echristi	M29	1	0	6974869	22353776	5480000	1280000	0.423904	0.0472023	295909	12.7756	2.66047	-0.4178	-0.4178	3.65919e-4	3.66127e-4	2.209501122
Edisa	M29	0	0	7421643	24203499	600000	6120000	-0.543234	0.136672	284040	11.2345	2.22596	-0.515063	-0.515063	6.69673e-4	6.7583e-4	2.362034833
Eembla	M29	0	0	7202116	22576108	1120000	5520000	-0.408268	0.010845	253148	11.3857	2.28889	-0.406201	-0.406201	0.00152198	0.001533	2.286252381
Eepiphron	M29	4	0	6596869	52270995	5400000	720000	0.457009	0.113809	239192	5.63541	2.19475	-0.652699	-0.652699	0.0011642	0.00114981	1.821782251
Eeriphyle	M29	0	0	6345597	19542745	3720000	2360000	0.22209	-0.0163618	288167	7.78786	2.32968	-0.329872	-0.329872	7.23793e-4	7.28745e-4	3.2652709620000002
Eflavofasciata	M29	1	0	6809830	21666707	1760000	4840000	-0.282508	-0.00158465	268083	6.42681	2.54606	-0.571572	-0.571572	6.95786e-4	6.81451e-4	2.834194403
Egorge	M29	3	0	6227096	19185496	5080000	840000	0.453259	0.0614587	278762	12.6738	2.38034	-0.443754	-0.443754	6.98712e-4	7.01553e-4	3.181779881
Eligea	M29	0	0	6339437	20014386	4840000	1160000	0.431216	0.0234541	270857	0.709642	2.75069	-0.310139	-0.310139	0.00230588	0.0022919	2.830007378
Emanto	M29	0	0	6650125	20207894	1800000	4560000	-0.315751	0.0140645	261087	18.0691	2.59929	-0.49716	-0.49716	3.326e-4	3.30089e-4	2.417725188
Emedusa	M29	4	0	6389325	38445556	2280000	3760000	-0.166815	-0.026202	271925	8.54701	2.36335	-0.624127	-0.624127	2.69255e-4	2.71239e-4	2.487897875
Emelampus	M29	1	0	6516035	35533038	5640000	640000	0.479195	-0.0372993	270565	6.38767	2.43476	-0.396011	-0.396011	4.51966e-4	4.51807e-4	2.585269523
Emelancholica	M29	2	0	6142454	19392958	1480000	4480000	-0.351437	0.0487917	283263	18.3542	2.40369	-0.368409	-0.368409	7.15109e-4	7.14725e-4	2.152974953
Emeolans	M29	4	0	6476394	37126058	5880000	440000	0.534714	-0.149805	234885	6.11358	2.27832	-0.562826	-0.562826	3.73966e-4	3.71e-4	2.525716474
Emnestra	M29	2	0	5196859	49598398	2560000	2480000	-0.0410882	0.118329	279647	4.518	2.3816	-0.474985	-0.474985	3.85304e-4	3.86844e-4	2.165253115
Emontana	M29	2	0	6638214	21382799	5680000	640000	0.489656	0.0744818	255750	15.7044	2.40009	-0.381393	-0.381393	2.1386e-4	2.12148e-4	2.497576994
Epalarica	M29	4	0	6443863	38453788	4320000	1920000	0.276462	-0.0542852	281136	3.90245	2.57167	-0.703722	-0.703722	0.00102482	0.00102846	2.219329653
Epharte	M29	4	0	7872487	46867384	1880000	3400000	-0.28922	-0.0709707	576923	1.02218	2.83756	-0.464824	-0.464824	0.00247272	0.00245937	2.482902117
Epronoe	M29	2	0	5877167	19242511	840000	3960000	-0.430768	-0.0578974	570500	2.65679	3.0132	-0.545204	-0.545204	0.00268596	0.00271229	2.842900855
Erondoui	M29	2	12	6860121	21816679	5440000	1120000	0.398512	0.0706063	260891	13.9851	2.22879	-0.294912	-0.294912	6.63232e-4	6.68294e-4	2.498934345
Estirius	M29	2	0	6509063	20720600	1120000	5040000	-0.444508	0.0484105	245240	7.91998	2.41645	-0.579877	-0.579877	5.39556e-4	5.47417e-4	2.402924802
Esudetica	M29	1	0	7399720	35197135	2040000	5000000	-0.303838	0.0394408	277727	9.18581	2.52206	-0.578824	-0.578824	3.64968e-4	3.65719e-4	2.702820876
Etriaria	M29	4	0	6473873	38050333	2800000	3440000	-0.109553	-0.0866229	256500	7.21191	2.34185	-0.662505	-0.662505	8.17527e-4	8.11154e-4	2.719525946
Mcinxia	M29	0	0	NA	NA	NA	NA	NA	NA	NA	NA	NA	NA	NA	NA	NA	NA
Mjurtina	M29	0	0	4742277	14823703	NA	NA	NA	NA	277000	24.5332	2.2791	-0.349386	-0.349386	3.99538e-4	3.99769e-4	2.390955328
X2575	M29	0	0	6856501	21449587	5320000	1160000	0.447378	-0.0402645	236222	2.62166	2.57384	-0.297961	-0.297961	0.00149482	0.00150116	2.951012263
X2576	M29	0	0	7230173	22091815	1240000	5320000	-0.386977	-0.0794573	254000	2.72262	2.61694	-0.368004	-0.368004	0.00175892	0.00176497	2.427119664
X3252	M29	0	0	7078955	21869088	1440000	5240000	-0.335239	0.059746	288913	5.94265	2.58455	-0.392777	-0.392777	0.00126245	0.00127302	2.380473928
X3258	M29	4	12	6446845	55816921	5600000	400000	0.613583	0.0102388	256917	2.51269	2.41385	-0.279152	-0.279152	0.0011872	0.00118452	2.881718202
X3311	M29	2	0	5787743	27359167	4680000	960000	0.419642	0.132208	337000	6.45314	2.28238	-0.322548	-0.322548	0.00171422	0.00170664	2.903195014
X3506	M29	2	0	6746925	21222259	5160000	1120000	0.467197	-0.0271787	266083	1.07191	2.48937	-0.464117	-0.464117	9.0087e-4	9.07706e-4	3.703603944
X3531	M29	2	12	7016893	60656581	5880000	760000	0.733434	-0.0640953	231655	1.02185	2.49537	-0.408245	-0.408245	0.00131703	0.00130672	2.771368673
X3737	M29	4	12	6246311	53552572	4800000	1240000	0.601889	-0.0849892	214808	1.39171	2.27833	-0.312663	-0.312663	0.00139728	0.00137931	2.815560225
C0001	M3	1	0	19030523	19103888	9920000	8680000	0.16354	0.019332	268638	8.7715	2.39669	-0.4369	-0.68676	9.76726e-4	9.79918e-4	3.845231099
C0055	M3	0	1	21210551	10701130	8840000	11080000	-0.1016	0.0557912	272041	6.08508	2.30278	-0.585288	-0.499134	0.00132938	0.00131944	NA
C0080	M3	2	3	20948991	59976555	5360000	14560000	-0.396122	0.173126	288451	1.51467	2.28425	-0.983864	-0.997674	5.07954e-4	5.16563e-4	3.440444814
C0100	M3	0	3	21455616	7172940	11640000	9120000	0.221162	0.0361633	309369	38.2369	2.24084	-0.0388541	-0.0388541	2.66818e-4	2.66437e-4	4.910258077
Eaethiops	M3	0	0	19385249	19423390	7760000	10240000	-0.220244	0.069948	313814	19.6138	2.53801	-0.305278	-0.54225	8.6508e-4	8.64223e-4	3.170638554
Ealbergana	M3	1	0	18986985	34686210	10280000	7280000	-0.0674224	0.0562598	845056	1.19183	3.26183	-1.07681	-1.1471	0.00153376	0.0015268	4.090294691
Ebubastis	M3	0	0	21854780	21882851	15040000	5560000	0.372081	0.069493	278947	12.8221	2.1407	-0.266841	-0.595281	2.44949e-4	2.44304e-4	3.289793598
Echristi	M3	0	0	23108266	23201332	16800000	5400000	0.364317	0.028566	274567	12.116	2.4189600000000002	-0.509818	-0.761934	3.73326e-4	3.7344e-4	2.834637657
Edisa	M3	0	0	24213148	24227741	16960000	5760000	0.362491	0.0638988	292949	11.1007	2.09644	-0.293434	-0.618129	6.76679e-4	6.79112e-4	3.500006691
Eembla	M3	0	0	24146560	24147327	17040000	5360000	0.342195	0.071939	293899	10.8817	2.08897	-0.257833	-0.566544	0.00155079	0.00156905	2.969247901
Eepiphron	M3	1	0	21826449	44526442	19600000	440000	0.544379	0.236102	276867	6.72373	2.03976	-0.781506	-1.00751	0.0012481	0.00125259	1.585273395
Eeriphyle	M3	0	0	20615552	20624886	12600000	7240000	0.288449	0.0405727	268787	7.4491	2.16602	-0.285707	-0.574471	7.58547e-4	7.63295e-4	4.626737517
Eflavofasciata	M3	0	0	21823791	21842168	6800000	14200000	-0.274155	0.0331218	290575	6.48046	2.42801	-0.436858	-0.694634	6.64197e-4	6.67765e-4	3.103045565
Egorge	M3	1	0	19866034	19883877	12880000	6120000	0.303992	0.0479604	283545	12.0967	2.19146	-0.385867	-0.673109	6.84867e-4	6.77097e-4	3.917289412
Eligea	M3	0	0	21395795	21404821	14640000	5320000	0.401632	0.0394121	296214	0.670458	2.5175	-0.363771	-0.658176	0.00226791	0.00225761	3.10780244
Emanto	M3	0	0	21750307	21792595	6520000	13639136	-0.303792	0.0479994	302057	17.2078	2.32048	-0.316854	-0.648541	3.37614e-4	3.38636e-4	2.899594704
Emedusa	M3	4	0	19477012	35859892	8800000	9760000	-0.124689	0.160615	286894	9.57969	2.20232	-0.703827	-0.833143	2.68541e-4	2.69858e-4	2.676893086
Emelampus	M3	0	0	19990387	19994114	14320000	4840000	0.304328	0.0469757	268211	12.5481	2.25296	-0.298071	-0.643659	4.52394e-4	4.53297e-4	3.146568129
Emelancholica	M3	3	2	20758864	20835524	5840000	14120000	-0.320434	0.0404893	299955	16.6496	2.20379	-0.276047	-0.55131	7.76771e-4	7.81205e-4	2.464850815
Emeolans	M3	4	0	20041800	56828746	9440000	9920000	-0.0765003	0.0741656	291397	4.0048	2.07747	-0.746045	-0.841355	3.65584e-4	3.68594e-4	3.24654093
Emnestra	M3	1	0	19198339	33953333	7320000	11240000	-0.294059	0.0550537	256644	6.20471	2.17412	-0.730698	-0.844441	3.99063e-4	3.9622e-4	3.660446002
Emontana	M3	3	2	22780476	22791514	16080000	5040000	0.349224	0.0785623	316114	14.6531	2.20987	-0.291796	-0.601778	2.11571e-4	2.11028e-4	2.746801585
Epalarica	M3	4	0	21242385	60991950	7360000	13080000	-0.166111	0.11678	287904	2.62734	2.46949	-0.989205	-1.07835	0.00104566	0.00105835	2.198286727
Epharte	M3	1	0	25216689	25235305	13640000	3800000	0.441328	0.0776259	420836	2.05178	2.57804	-0.418218	-0.789903	0.00247871	0.00248765	2.945718748
Epronoe	M3	3	2	21095206	21121154	3960000	12280000	-0.412598	0.0578056	403882	2.97112	2.71741	-0.616571	-0.816909	0.00266674	0.0026556	3.679784358
Erondoui	M3	2	3	22099973	22114410	16000000	5160000	0.33337	0.0485605	303239	13.8608	2.12867	-0.353544	-0.603182	6.54465e-4	6.56465e-4	3.0313105
Estirius	M3	3	2	22632367	22832840	5800000	14720000	-0.347561	0.0631047	292920	7.42846	2.16452	-0.337015	-0.614513	5.21781e-4	5.24012e-4	2.907956353
Esudetica	M3	0	0	20322013	20336285	6760000	12360000	-0.296329	0.0727874	280414	16.8337	2.29593	-0.246268	-0.6897	3.66819e-4	3.67788e-4	3.494587355
Etriaria	M3	4	0	19683472	35514798	9160000	9720000	-0.112118	0.16136	289515	8.17495	2.20361	-0.674364	-0.915581	8.95132e-4	9.04985e-4	2.803317533
Mcinxia	M3	0	0	NA	NA	NA	NA	NA	NA	NA	NA	NA	NA	NA	NA	NA	NA
Mjurtina	M3	0	0	16687444	16740924	NA	NA	NA	NA	279293	21.6276	2.09549	-0.273422	-0.389929	3.6612e-4	3.6596e-4	2.647819457
X2575	M3	0	0	22560372	22574627	13800000	7120000	0.320453	0.0453126	311714	2.76837	2.40413	-0.416523	-0.545347	0.00163436	0.00163354	3.429200765
X2576	M3	0	0	23221707	23223456	14520000	6760000	0.323899	0.0542147	298493	2.87369	2.42417	-0.400342	-0.572072	0.00169497	0.00167795	3.079314856
X3252	M3	0	0	22603643	22782915	6000000	14840000	-0.27921	0.0631068	333015	5.87532	2.46088	-0.23027	-0.468526	0.00127238	0.0012702	3.11635807
X3258	M3	3	3	21409401	38661208	11720000	8240000	0.238504	0.0829669	286973	3.28315	2.2327	-0.751371	-0.797222	0.00120446	0.00119455	3.591565244
X3311	M3	3	2	19023695	26413045	8240000	10200000	-0.0423095	0.113105	307433	6.08338	2.1677399999999998	-0.610943	-0.736436	0.00185862	0.00187558	3.145779188
X3506	M3	3	2	21855432	21965447	13480000	7080000	0.32544	0.0404188	259390	1.11161	2.33218	-0.358056	-0.648589	8.63688e-4	8.65644e-4	4.570258127
X3531	M3	2	3	21266173	53695017	11120000	8720000	0.128203	0.13516	299657	0.989844	2.28437	-0.838709	-0.86394	0.00133075	0.00132736	4.379009596
X3737	M3	3	3	20576785	73356314	14040000	5440000	0.417131	0.212897	270493	1.17101	2.11247	-0.8465	-0.91016300000000006	0.00144834	0.00145188	3.859543875
C0001	M30	3	0	10797702	26426895	7280000	1520000	0.27654	-0.237573	306853	4.22101	2.62251	-0.314154	-0.324715	0.00137825	0.00136099	1.470719758
C0055	M30	1	1	13778340	20996312	5640000	3160000	0.0195042	-0.0939795	325610	2.39618	2.29022	-0.245759	-0.498235	0.00173047	0.00175088	1.62427639
C0080	M30	2	4	12606069	68248669	10040000	1160000	0.328079	-0.215181	325946	0.93163	2.34014	-0.693026	-0.796976	5.80663e-4	5.76158e-4	1.666559227
C0100	M30	1	4	12088339	8859555	7040000	1280000	0.424971	0.128332	345455	27.9526	2.2313	-0.0321687	-0.0321687	0.00032628000000000003	3.23301e-4	1.939173682
Eaethiops	M30	4	0	10419128	29890253	5520000	2040000	0.173413	0.0112952	346069	14.067	2.62839	-0.245706	-0.255287	9.0441e-4	8.77948e-4	2.347999129
Ealbergana	M30	4	0	10022430	43193744	3920000	3720000	-0.0256668	-0.0490136	608615	1.45609	3.59474	-0.67509	-0.67509	0.0016934	0.00168133	2.985391958
Ebubastis	M30	0	0	12419704	12569552	5640000	5200000	0.190471	0.150388	292280	20.0404	2.24643	-0.410235	-0.443415	2.80684e-4	2.779e-4	5.496227864
Echristi	M30	7	0	16240981	34853143	6040000	7160000	-0.173238	-0.180984	319540	7.15382	2.57012	-0.634852	-0.710009	4.13366e-4	4.16648e-4	1.1599755920000001
Edisa	M30	0	0	16749821	16947894	4960000	8560000	-0.0650506	0.12647	382905	15.3138	2.09782	-0.433387	-0.581074	7.94132e-4	7.92182e-4	6.977220539
Eembla	M30	0	0	16115335	16196330	9680000	2800000	0.358397	0.0941989	350977	15.3464	2.18277	-0.440941	-0.540594	0.0016429	0.00164327	4.457838197
Eepiphron	M30	10	1	14774702	32172529	4960000	5880000	-0.100759	-0.16621	313511	9.13232	2.10961	-0.507519	-0.797467	0.0013945	0.0014015	3.392540495
Eeriphyle	M30	0	0	12519914	12669123	3080000	7720000	-0.213517	0.135209	363697	8.78327	2.23849	-0.416398	-0.398524	8.63969e-4	8.5924e-4	7.697653988
Eflavofasciata	M30	6	0	15556255	42320112	5200000	7000000	-0.155067	-0.186699	372561	2.17786	2.58483	-0.422911	-0.599961	7.40604e-4	7.56564e-4	4.305225833
Egorge	M30	3	0	11544034	27196207	5880000	4120000	0.218484	-0.139765	290500	7.13	2.30204	-0.321443	-0.338699	7.76549e-4	7.80621e-4	2.896124634
Eligea	M30	0	0	12116714	12204862	4720000	5080000	0.178956	0.0609828	368812	1.15201	2.70552	-0.366812	-0.419409	0.00245609	0.00246806	5.604641826
Emanto	M30	0	0	12722449	12950446	6840000	4120000	0.242801	0.0928217	332892	28.6503	2.39299	-0.576093	-0.582458	3.61111e-4	3.60752e-4	4.110519877
Emedusa	M30	5	0	13820018	44870653	7280000	3800000	0.0936463	-0.139698	313581	6.96167	2.35972	-0.433084	-0.489616	2.86638e-4	2.88689e-4	1.395229913
Emelampus	M30	2	0	10231636	47278299	NA	NA	NA	NA	316484	NA	NA	-0.580794	-0.585869	5.65214e-4	5.68276e-4	2.698533663
Emelancholica	M30	10	2	10843461	48572573	5280000	4440000	0.00300626	-0.0375405	317364	5.32292	2.30066	-0.598924	-0.61331	8.81605e-4	8.88612e-4	1.877589742
Emeolans	M30	5	0	10566587	26430923	7280000	1800000	0.203228	-0.144734	309970	8.25759	2.21003	-0.694334	-0.692961	4.12337e-4	4.11224e-4	1.646655389
Emnestra	M30	3	0	11886870	26784248	6080000	3160000	0.097795000000000007	-0.105106	321917	7.61689	2.18362	-0.510338	-0.540079	4.70272e-4	4.71386e-4	1.430624271
Emontana	M30	10	2	13138825	54743242	7200000	4240000	0.237406	-0.0625364	331079	4.56523	2.34779	-0.558359	-0.621003	2.35485e-4	2.37522e-4	1.765084343
Epalarica	M30	5	0	10655892	26909467	7280000	1760000	0.244136	-0.105157	304000	4.20361	2.44762	-0.632633	-0.654936	0.00121607	0.00121967	1.44171285
Epharte	M30	10	1	17986822	33100800	3760000	3960000	-0.10959	-0.0185399	942333	10.6428	3.09122	-1.12764	-1.28732	0.00263778	0.00268397	17.07036447
Epronoe	M30	10	2	11949088	28760983	4120000	2240000	0.0253343	-0.196463	782000	4.52673	3.22685	-0.284044	-0.32351799999999997	0.00276482	0.00277432	2.03927505
Erondoui	M30	1	4	17547018	40398747	7800000	5160000	0.21231	-0.120673	374778	6.68184	2.26958	-0.374086	-0.760946	7.59754e-4	7.51783e-4	1.925279306
Estirius	M30	10	2	12226699	51764746	5280000	5760000	-0.0238464	-0.0740426	270750	2.06701	2.21784	-0.685103	-0.723479	6.07265e-4	6.14576e-4	4.917240402
Esudetica	M30	2	0	10483114	47802122	NA	NA	NA	NA	284176	NA	NA	-0.648087	-0.652068	4.27651e-4	4.26012e-4	1.513420013
Etriaria	M30	5	0	13451367	43386010	7080000	3360000	0.179876	-0.198387	308628	5.82293	2.36099	-0.349102	-0.396448	9.5349e-4	9.57344e-4	1.445162602
Mcinxia	M30	0	0	NA	NA	NA	NA	NA	NA	NA	NA	NA	NA	NA	NA	NA	NA
Mjurtina	M30	0	0	7611234	7643612	NA	NA	NA	NA	283640	50.127	2.39776	0.00647924	0.00647924	4.1728e-4	4.1804e-4	2.834111331
X2575	M30	0	0	13131558	13247012	7560000	3080000	0.334361	0.0698579	299143	4.33204	2.50588	-0.399215	-0.451771	0.00175985	0.00175574	5.491909575
X2576	M30	0	0	14447543	14597654	7680000	3120000	0.29255	0.0924748	343268	4.73185	2.64329	-0.64782	-0.492123	0.00178853	0.00179087	4.293024815
X3252	M30	0	0	16077060	16138941	7520000	2200000	0.339447	0.16975	459703	10.5357	2.66104	-0.194962	-0.303202	0.00138974	0.00138656	2.909740099
X3258	M30	2	4	14786223	34767979	6280000	4640000	0.224982	-0.222901	401257	3.09749	2.34046	-0.233824	-0.490385	0.00137388	0.0013942	2.742964226
X3311	M30	7	0	9707628	27359167	5120000	1600000	0.293907	-0.0964104	376360	4.67036	2.34798	-0.0299095	-0.0299095	0.0020972	0.00206664	2.11112522
X3506	M30	7	0	13658495	55380594	6760000	4320000	0.325261	-0.211093	314238	0.337361	2.37196	-0.68901	-0.742168	0.00108904	0.0010932	2.381127137
X3531	M30	1	4	15087299	35282447	5960000	6120000	0.18743	-0.253145	291370	1.02832	2.41837	-0.576599	-0.777737	0.00152447	0.0015398	1.94325416
X3737	M30	2	4	15810331	35266286	6720000	3440000	0.373778	-0.266883	368690	1.96022	2.193	-0.146949	-0.631839	0.0016335	0.0016168	3.616606198
C0001	M31	7	3	6885731	33384593	5160000	1520000	0.212526	-0.211084	299636	3.70022	2.66442	-0.587725	-0.587725	0.00113923	0.00114205	1.994110685
C0055	M31	2	1	8355001	14237085	5000000	1960000	0.13922	-0.118683	240485	3.19306	2.47519	-0.594077	-0.594077	0.00152946	0.00153973	2.6673069
C0080	M31	3	2	9193143	46281998	6640000	600000	0.3893	-0.272477	288000	1.69332	2.52807	-0.334095	-0.334095	5.03784e-4	5.04455e-4	2.125476918
C0100	M31	3	2	8324259	7556931	3440000	3720000	-0.0686978	0.10813	275885	29.7045	2.25075	-0.916972	-0.916972	3.14203e-4	3.19361e-4	4.167230534
Eaethiops	M31	6	3	6612087	15738377	4600000	760000	0.372525	0.124809	237460	25.5563	2.67185	-0.46094	-0.46094	8.50712e-4	8.53852e-4	2.209162528
Ealbergana	M31	4	2	6188377	25275277	3960000	1520000	0.154872	-0.0420449	NA	1.73559	3.51846	-0.718089	-0.718089	0.00157535	0.0015375	3.439904813
Ebubastis	M31	0	0	10607968	10613686	6480000	1640000	0.316892	0.140877	322656	31.0838	2.5012	0.0280385	0.015529	2.63805e-4	2.65063e-4	3.01284055
Echristi	M31	7	5	8602255	41682312	6000000	1800000	0.142842	-0.0393739	278633	6.22689	2.7592	-0.603244	-0.603244	3.81969e-4	3.87208e-4	1.695706115
Edisa	M31	0	0	9578122	9599840	6240000	1960000	0.315131	0.128252	289677	32.744	2.30561	-0.0425303	-0.0425303	6.6942e-4	6.69556e-4	2.87811204
Eembla	M31	0	0	9191837	9219387	6600000	1680000	0.351754	0.0848508	269939	30.8126	2.38497	-0.0805156	-0.0805156	0.00146388	0.0014615	2.62479895
Eepiphron	M31	8	5	8042499	38966965	6120000	960000	0.310445	-0.114254	285852	7.38656	2.16593	-0.50151	-0.50151	0.0013072	0.00129568	2.072044985
Eeriphyle	M31	0	0	9100750	9139842	5720000	2360000	0.258762	0.0860712	260471	16.5531	2.55149	-0.0822093	-0.0822093	8.46325e-4	8.51e-4	2.840137483
Eflavofasciata	M31	6	5	9505969	22460935	5480000	1960000	0.165778	-0.0882667	289500	5.42045	2.7122	-0.237615	-0.237615	6.60474e-4	6.52559e-4	1.941283894
Egorge	M31	7	3	6572007	33200103	4240000	2120000	0.195416	-0.173092	233481	6.36275	2.42158	-0.485439	-0.485439	7.32885e-4	7.41419e-4	2.140409886
Eligea	M31	0	0	8105538	8116299	5160000	1800000	0.335311	0.0469022	342913	2.48937	2.97314	-0.330849	-0.330849	0.00218815	0.0021575	2.945197061
Emanto	M31	0	0	9768953	9776377	6360000	1640000	0.289195	0.111325	306379	43.6539	2.72997	-0.291805	-0.291805	3.5237e-4	3.55761e-4	2.232941955
Emedusa	M31	6	4	7270529	44867491	5200000	1600000	0.18587	-0.156253	253750	7.04136	2.44198	-0.668989	-0.668989	2.84206e-4	2.81048e-4	1.367609169
Emelampus	M31	4	1	6906803	17850673	4520000	1760000	0.148692	-0.0483283	232643	14.1021	2.55314	-0.362907	-0.362907	4.72259e-4	4.81038e-4	2.284232049
Emelancholica	M31	10	8	7193655	18769979	4320000	2360000	0.0966028	-0.0825786	242034	18.3448	2.47271	-0.398843	-0.398843	8.19322e-4	7.53098e-4	2.466420405
Emeolans	M31	5	2	7344283	27369994	5840000	1040000	0.313984	-0.217135	242897	8.19678	2.37701	-0.478021	-0.478021	3.7819e-4	3.80649e-4	1.838349473
Emnestra	M31	7	3	7321858	32889962	4800000	2280000	0.0973843	-0.308119	212485	5.46124	2.38485	-0.539806	-0.539806	4.31354e-4	4.28e-4	1.994753856
Emontana	M31	10	8	8357094	21264069	3200000	4480000	-0.0860395	-0.0824738	290679	14.5458	2.56846	-0.421654	-0.421654	2.31176e-4	2.30525e-4	1.919796427
Epalarica	M31	5	2	8152259	28095353	5960000	1680000	0.256272	-0.15212	327667	4.51787	2.61301	-0.673284	-0.673284	0.00114914	0.00113215	1.74207225
Epharte	M31	8	5	11010773	25751287	3600000	1720000	0.308727	-0.0436393	1013100	2.5747	2.9071	-0.416813	-0.427147	0.0026588	0.00267376	1.971931771
Epronoe	M31	10	8	6792383	36587385	1440000	2920000	-0.0423926	-0.138843	892857	2.42743	3.07514	-0.422588	-0.422588	0.00266359	0.00267785	1.474269579
Erondoui	M31	3	3	8663346	26723349	6040000	1680000	0.254698	-0.1584	277633	10.8735	2.43222	-0.248145	-0.248145	7.58953e-4	7.64365e-4	1.360284239
Estirius	M31	10	8	7846927	20210227	4480000	2640000	0.0286974	-0.111874	257276	6.98683	2.53273	-0.431476	-0.431476	5.33812e-4	5.38086e-4	2.449403892
Esudetica	M31	4	1	6833419	18120919	4720000	1440000	0.143183	0.0428005	232036	19.3639	2.49034	-0.428335	-0.428335	3.49745e-4	3.4944e-4	2.31747222
Etriaria	M31	6	4	6286158	31128320	4560000	1520000	0.171104	-0.0593237	228769	9.66617	2.44615	-0.404687	-0.404687	9.15107e-4	9.20776e-4	1.9852826
Mcinxia	M31	0	0	NA	NA	NA	NA	NA	NA	NA	NA	NA	NA	NA	NA	NA	NA
Mjurtina	M31	0	0	6619445	6651053	NA	NA	NA	NA	238667	61.4789	2.63541	0.0917105	0.0917105	3.86385e-4	3.86923e-4	2.512093058
X2575	M31	0	0	8568518	8694409	5400000	2280000	0.307815	0.0586865	259742	7.23932	2.88399	-0.220911	-0.220911	0.00158193	0.00160745	2.902835699
X2576	M31	0	0	8560492	8755820	5600000	1960000	0.283617	0.0721171	261667	8.42356	2.89741	-0.213282	-0.213282	0.00167037	0.00166411	3.013140955
X3252	M31	0	0	9566633	9778125	6560000	1640000	0.30488	0.0977439	357833	12.8204	2.85882	-0.0869207	-0.0869207	0.00125447	0.00126134	2.416156983
X3258	M31	3	2	8455854	45960105	5400000	1480000	0.22544	-0.258674	255406	2.50578	2.53007	-0.298516	-0.298516	0.00123508	0.00122015	2.430969403
X3311	M31	9	8	6278289	36434408	5720000	320000	0.519145	-0.261321	243750	3.04882	2.42555	-0.521327	-0.521327	0.00228004	0.00190994	1.855741036
X3506	M31	9	8	8057161	20686054	5840000	1440000	0.487085	-0.115293	270964	0.954488	2.62537	-0.514653	-0.514653	9.40056e-4	9.10733e-4	2.654031939
X3531	M31	3	3	9000488	45681971	6240000	880000	0.428159	-0.229441	305857	1.22254	2.40566	-0.55405	-0.55405	0.00130949	0.00131072	2.153200701
X3737	M31	3	2	8725127	44952020	5360000	1440000	0.438625	-0.316823	283207	1.59056	2.27052	-0.337783	-0.337783	0.00151042	0.00155324	2.095079674
C0001	M4	2	0	16619403	16624567	9120000	7000000	0.211674	0.0308862	236279	10.2905	2.34685	-0.366375	-0.574276	0.00101908	0.00101388	4.088393541
C0055	M4	1	1	18161446	9139970	8880000	7920000	0.06007	0.0555147	258727	7.75645	2.22432	-0.326836	-0.326836	0.00148183	0.00146572	5.027706519
C0080	M4	4	9	17302651	46281998	5920000	10520000	-0.347392	0.266101	258394	2.00068	2.25326	-0.864421	-0.990357	4.91935e-4	4.8918e-4	3.522783608
C0100	M4	4	9	17888249	10372500	8280000	8957525	0.160847	0.0926237	255177	29.5898	2.27238	-0.602171	-0.602171	2.79401e-4	2.79565e-4	4.782616344
Eaethiops	M4	0	0	16960768	17027204	7160000	8320000	-0.0715618	0.0833885	260857	22.9251	2.55939	-0.23976	-0.444092	8.78627e-4	8.79917e-4	3.118540637
Ealbergana	M4	1	0	16223210	31850052	8800000	6160000	-0.0956672	0.0238009	618000	1.36466	3.21721	-0.964222	-1.06449	0.00151993	0.00152272	4.323190206
Ebubastis	M4	0	0	18050057	18074724	13000000	4160000	0.342135	0.053822	282113	15.9417	2.11111	-0.290103	-0.522923	2.4802e-4	2.46524e-4	3.991342283
Echristi	M4	0	0	19421313	19456257	14360000	4400000	0.344255	0.0393342	286727	14.6513	2.36909	-0.377463	-0.647258	3.64797e-4	3.62362e-4	3.345077828
Edisa	M4	0	0	21098959	21195557	14360000	5000000	0.308335	0.0720853	288014	13.168	2.06189	-0.35368	-0.585789	6.99492e-4	6.9879e-4	3.990746763
Eembla	M4	0	0	20794332	20804948	5320000	13720000	-0.327285	0.0667456	288100	13.0929	2.03633	-0.300179	-0.535745	0.00150978	0.00152057	3.559587078
Eepiphron	M4	0	0	19045514	19235481	12480000	4840000	0.317093	0.0947723	275075	16.1733	2.00468	-0.690718	-0.918419	0.00122326	0.00121911	3.983615012
Eeriphyle	M4	0	0	18155847	18231826	10560000	6840000	0.280483	0.0412626	271800	8.5389	2.09418	-0.347962	-0.539086	7.37156e-4	7.41574e-4	5.977779509
Eflavofasciata	M4	0	0	19041437	19052653	8760000	9440000	0.109816	0.039288	280262	7.55686	2.3404	-0.385155	-0.585961	6.35728e-4	6.34049e-4	3.520959888
Egorge	M4	2	0	17145530	17185771	9680000	6800000	0.261911	0.050672	247448	14.3153	2.17069	-0.371983	-0.633248	6.71597e-4	6.69763e-4	4.291367694
Eligea	M4	0	0	18283307	18304588	13000000	4120000	0.393859	0.0461329	256768	0.789634	2.47067	-0.384388	-0.605931	0.00237051	0.00239306	4.114200483
Emanto	M4	0	0	18535472	18587182	6200000	11474484	-0.291916	0.0489729	283143	19.7437	2.27895	-0.392307	-0.6289	3.35572e-4	3.26672e-4	3.085561409
Emedusa	M4	3	0	17511473	35353868	5560000	11000000	-0.220659	0.0833861	269206	9.5396	2.17916	-0.667658	-0.749389	2.75924e-4	2.76977e-4	2.450106967
Emelampus	M4	0	0	16995371	17003874	8480000	7720000	0.183472	0.0468065	295855	15.3129	2.17866	-0.385147	-0.591326	4.37219e-4	4.3394e-4	3.786951091
Emelancholica	M4	1	0	17768105	17884057	5480000	11600000	-0.310238	0.0472934	251116	19.6415	2.12706	-0.251356	-0.470764	7.27313e-4	7.27426e-4	3.082753678
Emeolans	M4	3	0	17367724	37126058	11400000	5400000	0.237087	0.177065	269540	6.4123	2.05465	-0.775844	-0.858175	3.62365e-4	3.64346e-4	3.209231249
Emnestra	M4	2	0	15338305	66522839	4880000	9920000	-0.234472	0.257822	250729	3.19919	2.10618	-0.637926	-0.74963900000000006	3.82152e-4	3.82643e-4	3.419392018
Emontana	M4	1	0	18850523	18890603	13760000	4120000	0.33387	0.0698312	298226	17.7546	2.16452	-0.289507	-0.511879	2.0873e-4	2.10049e-4	3.245086065
Epalarica	M4	3	0	17757033	38453788	8280000	8880000	0.113642	0.12399	254826	3.81559	2.41557	-0.887435	-1.02501	0.00105944	0.00105929	2.891588909
Epharte	M4	0	0	22196131	22228042	11440000	3440000	0.455632	0.0783521	395370	2.23258	2.60042	-0.576928	-0.796741	0.00248885	0.00248087	3.188032156
Epronoe	M4	1	0	17664871	17695643	5000000	9000000	-0.395169	0.0473166	334560	3.29742	2.67729	-0.509634	-0.73656	0.00262845	0.00262639	3.780406376
Erondoui	M4	4	10	18928838	21208406	13520000	4400000	0.301636	0.0898255	282281	14.5251	2.09182	-0.422456	-0.615379	6.53524e-4	6.54752e-4	3.450788916
Estirius	M4	1	0	18363214	18385085	13200000	4400000	0.336087	0.0517351	262294	8.78115	2.17726	-0.345924	-0.581658	5.24067e-4	5.21243e-4	3.849483492
Esudetica	M4	0	0	17157073	17173191	6760000	9440000	-0.262732	0.0687981	283763	20.2342	2.25218	-0.390732	-0.603082	3.64159e-4	3.6574e-4	3.682952654
Etriaria	M4	3	0	16933199	33870043	7800000	8400000	-0.155829	0.0904889	256156	8.58747	2.16772	-0.569208	-0.733011	8.17819e-4	8.11606e-4	2.878205976
Mcinxia	M4	0	0	NA	NA	NA	NA	NA	NA	NA	NA	NA	NA	NA	NA	NA	NA
Mjurtina	M4	0	0	15203259	15209321	NA	NA	NA	NA	242590	23.9727	2.08926	-0.305673	-0.392071	3.92833e-4	3.92767e-4	3.572256172
X2575	M4	0	0	18970783	18996447	9960000	7800000	0.260757	0.0426411	269971	3.16049	2.33366	-0.442403	-0.553958	0.0016547	0.00165909	4.631976364
X2576	M4	0	0	19976833	20010573	10480000	7920000	0.264229	0.0548351	280638	3.09183	2.3327	-0.42241	-0.563954	0.00177797	0.0017566	4.013580443
X3252	M4	0	0	19797663	19862274	6120000	12160000	-0.242384	0.0729096	295320	6.74229	2.44748	-0.272672	-0.397018	0.00127815	0.00128183	3.364750618
X3258	M4	4	9	17901304	45960105	4320000	11560000	-0.370616	0.248644	259015	2.91652	2.22036	-0.694661	-0.75612	0.00128644	0.00128961	3.946519355
X3311	M4	1	0	16539140	34884346	8600000	7440000	0.0689386	0.106656	249656	3.95589	2.12861	-0.564713	-0.668911	0.00182459	0.0018384	3.479698137
X3506	M4	1	0	19225386	19237136	9200000	8480000	0.257406	0.051145	267700	1.38412	2.32463	-0.40904	-0.653566	9.05667e-4	9.09745e-4	5.099795244
X3531	M4	4	10	17735658	45681971	7440000	9400000	-0.232281	0.193999	264508	1.29626	2.2699	-0.76843	-0.85659	0.00127995	0.00127781	4.188019095
X3737	M4	4	9	17402381	44952020	9320000	7080000	0.312823	0.232683	248029	1.87633	2.11618	-0.763649	-0.900872	0.00142867	0.00140287	4.436091959
C0001	M5	2	1	17279814	17682666	6800000	9960000	-0.03504	0.0395073	297772	8.7801	2.4758	-0.417228	-0.59293	0.0010198	0.00100667	3.716074039
C0055	M5	2	1	18402212	13810675	5480000	11880000	-0.329044	0.15295	280672	4.39381	2.32365	-0.424672	-0.541252	0.00144192	0.00145033	3.370738523
C0080	M5	5	10	19232855	46281998	4160000	13920000	-0.556987	-0.00507487	285727	1.42997	2.42684	-0.896862	-0.911409	4.96102e-4	4.9541e-4	3.423172706
C0100	M5	5	10	19640990	8954070	8280000	10600000	0.0353545	0.0570573	305895	32.8301	2.29826	-0.452791	-0.452791	2.813e-4	2.82261e-4	3.825173126
Eaethiops	M5	1	1	17946941	18366575	5920000	10040000	-0.176302	0.10654	329170	22.112	2.71533	-0.241051	-0.427177	8.4634e-4	8.50434e-4	3.05484112
Ealbergana	M5	2	1	17206303	43193744	8200000	7560000	-0.00423506	0.0319306	1252170	1.19736	3.35702	-1.03187	-1.10989	0.00154382	0.00154647	3.27239545
Ebubastis	M5	0	0	19455589	19852824	4920000	13400000	-0.303908	0.0834302	316567	13.9224	2.23153	-0.308338	-0.477919	2.51575e-4	2.51783e-4	3.267665162
Echristi	M5	1	1	21209008	21282939	5360000	14600000	-0.318002	0.0384337	314273	13.4637	2.48673	-0.384419	-0.611464	3.73678e-4	3.72737e-4	3.137296348
Edisa	M5	0	0	21784738	21882434	5760000	14640000	-0.283345	0.0826513	325683	11.7093	2.12627	-0.326822	-0.555354	6.91051e-4	6.925e-4	3.706697293
Eembla	M5	0	0	21472475	21506119	5920000	14000000	-0.266989	0.0909575	297000	11.6445	2.12561	-0.251406	-0.497584	0.00148286	0.0014764000000000001	3.410337815
Eepiphron	M5	1	1	20601535	21194935	6760000	11520000	-0.202895	0.116705	310262	14.4817	2.11636	-0.622777	-0.874397	0.00124807	0.0012607	3.20332601
Eeriphyle	M5	0	0	18453050	18867322	7640000	10160000	0.0499234	0.0493948	290145	7.78837	2.20127	-0.311711	-0.492334	7.338e-4	7.35103e-4	4.501090348
Eflavofasciata	M5	1	1	20387209	21419940	6160000	13160000	-0.259837	0.0684327	292162	6.22721	2.43005	-0.501032	-0.599832	6.64943e-4	6.68007e-4	3.322824237
Egorge	M5	2	1	18374717	18898255	9640000	7437448	0.213122	0.0749708	293541	12.8847	2.27817	-0.370918	-0.556647	6.73078e-4	6.77535e-4	3.701883123
Eligea	M5	0	0	19689986	20087259	11040000	6800000	0.281169	0.0494406	319450	0.617811	2.60567	-0.439382	-0.557527	0.00226245	0.00228127	3.894118238
Emanto	M5	0	0	19129867	19537877	6400000	11920000	-0.255891	0.0506437	291875	18.367	2.44066	-0.4692	-0.635577	3.36406e-4	3.36056e-4	3.174573741
Emedusa	M5	4	1	18073162	34384168	3640000	13560000	-0.363315	0.0551299	326648	9.70616	2.30219	-0.678474	-0.752145	2.72898e-4	2.73936e-4	2.62503404
Emelampus	M5	1	1	18127207	18583410	5120000	12120000	-0.281846	0.0642674	309561	13.0882	2.32821	-0.427016	-0.567761	4.54568e-4	4.57931e-4	3.442968218
Emelancholica	M5	2	1	18773021	18785060	5560000	12520000	-0.284817	0.0546545	310983	17.7057	2.26164	-0.211325	-0.449009	7.31276e-4	7.25729e-4	2.908831758
Emeolans	M5	4	1	18265135	36933053	4200000	13400000	-0.362843	0.0188131	322709	6.31723	2.1760100000000002	-0.770514	-0.78766099999999994	3.62804e-4	3.60603e-4	3.639522492
Emnestra	M5	2	1	16668829	35558176	5160000	10960000	-0.342943	0.0605948	270333	5.77093	2.21254	-0.584548	-0.706753	4.12536e-4	4.11368e-4	3.29519339
Emontana	M5	2	1	20390885	20439178	4080000	15000000	-0.30536	0.0909891	345138	15.7273	2.28757	-0.314367	-0.495086	2.0908e-4	2.10087e-4	2.839026438
Epalarica	M5	4	1	19152796	38426503	8000000	10360000	-0.0482312	-0.00265205	292406	3.50771	2.54423	-0.926576	-1.0049	0.00103561	0.00103204	2.791369238
Epharte	M5	1	1	22987627	23585803	4120000	11360000	-0.444749	0.0874674	498311	1.96111	2.70923	-0.579184	-0.68328	0.00252379	0.00253025	3.452764014
Epronoe	M5	2	1	18450567	20725535	3920000	10640000	-0.470188	0.0626223	493000	2.85656	2.83727	-0.726897	-0.800625	0.00264672	0.00263557	3.49539714
Erondoui	M5	5	11	19766163	23965900	6080000	12680000	-0.249545	0.174493	340418	11.8877	2.1908	-0.517591	-0.656073	6.47347e-4	6.48238e-4	2.717769911
Estirius	M5	2	1	19521304	19541468	6160000	12400000	-0.285387	0.06744	290545	7.62558	2.30426	-0.330335	-0.52618	5.32637e-4	5.33215e-4	3.37111195
Esudetica	M5	1	1	17905738	17913306	5960000	10960000	-0.306203	0.0854042	287082	18.559	2.39545	-0.371577	-0.622167	3.5604e-4	3.56906e-4	3.716390267
Etriaria	M5	4	1	17327702	33305585	5240000	11520000	-0.343992	0.0124288	296636	8.61185	2.3395	-0.670165	-0.759222	8.08096e-4	8.09307e-4	3.056595777
Mcinxia	M5	0	0	NA	NA	NA	NA	NA	NA	NA	NA	NA	NA	NA	NA	NA	NA
Mjurtina	M5	0	0	14739715	14756268	NA	NA	NA	NA	293714	23.8668	2.18002	-0.259607	-0.327691	3.96917e-4	3.96625e-4	2.939625228
X2575	M5	0	0	19815234	20403337	8560000	10040000	0.0975347	0.061405	280164	2.6663	2.42394	-0.437234	-0.51054	0.00161713	0.00162101	3.686299869
X2576	M5	0	0	21097996	21119852	8560000	10920000	0.0839289	0.0707974	308866	2.45539	2.46428	-0.415472	-0.538421	0.00179573	0.00180827	3.718554585
X3252	M5	0	0	21028812	21100151	6240000	12640000	-0.261206	0.0832604	420153	6.17916	2.53747	-0.281487	-0.408983	0.00125133	0.00124482	3.17970527
X3258	M5	5	10	19125864	45960105	3560000	14280000	-0.421467	0.0367445	323233	2.316	2.30348	-0.813857	-0.783167	0.0013187	0.00132652	3.414419456
X3311	M5	2	1	17046461	32892634	8280000	8200000	0.127623	-0.00393347	287828	3.86524	2.22438	-0.546584	-0.627018	0.00188035	0.00183187	3.261517842
X3506	M5	2	1	20060060	20084082	10920000	7960000	0.207428	0.0483232	281286	1.05751	2.39438	-0.409143	-0.573821	8.90075e-4	8.93099e-4	4.523276073
X3531	M5	5	11	18483597	45681971	4560000	12800000	-0.552371	0.0433414	298283	0.924091	2.4067	-0.725753	-0.719849	0.00145029	0.00146451	4.425658992
X3737	M5	5	10	18365487	44952020	8480000	8840000	0.14352	0.0622243	299817	1.44466	2.1955	-0.919041	-0.920307	0.00146831	0.00147718	3.759564257
C0001	M6	3	1	17082673	33198804	8600000	7880000	7.98777e-4	-0.0191188	280310	4.14196	2.46846	-0.52765	-0.673261	0.001071	0.00106926	3.260621202
C0055	M6	1	1	17274210	14164332	6920000	9400000	-0.132301	0.0309339	272803	3.85232	2.37022	-0.364558	-0.495528	0.0016066	0.00152444	4.305302231
C0080	M6	4	6	17045198	51384221	7000000	9120000	-0.306411	0.0435173	275917	1.37875	2.3882	-0.887036	-0.993131	5.1404e-4	5.19658e-4	4.303819327
C0100	M6	3	6	18034854	7463310	8960000	8360000	0.201944	0.0240641	272492	35.7125	2.33679	-0.359843	-0.359843	2.81746e-4	2.81643e-4	3.551932009
Eaethiops	M6	2	1	16311421	30399708	6360000	8720000	-0.146495	0.0584347	270586	12.317	2.66001	-0.387762	-0.53237	8.55837e-4	8.51516e-4	3.175215181
Ealbergana	M6	3	1	16085946	46340248	9880000	4960000	-0.024386	0.0174575	775875	1.15719	3.34511	-0.983842	-1.09963	0.00155185	0.00154889	3.25568614
Ebubastis	M6	0	0	18514294	18771705	5760000	11600000	-0.270832	0.0797433	325411	15.3226	2.23591	-0.205467	-0.460214	2.43569e-4	2.42658e-4	3.796051015
Echristi	M6	3	1	19715489	41682312	3800000	15240000	-0.407503	0.107603	286896	6.36165	2.50216	-0.630325	-0.757213	3.60622e-4	3.60733e-4	2.528563822
Edisa	M6	0	0	20962039	21002808	11600000	7960000	0.242695	0.0726179	296667	12.4522	2.16121	-0.306555	-0.578257	7.35734e-4	7.26648e-4	3.665796148
Eembla	M6	0	0	20796408	20812901	7600000	11720000	-0.204099	0.0761726	282556	12.1202	2.12369	-0.227987	-0.527166	0.00151995	0.00154443	3.255322632
Eepiphron	M6	4	1	18517975	38966965	4000000	13200000	-0.389371	0.205223	291210	7.47899	2.11896	-0.783219	-0.954894	0.00121282	0.00121091	3.085107258
Eeriphyle	M6	0	0	18243423	18303549	8480000	9000000	0.0767862	0.0477311	270227	8.24171	2.19595	-0.159998	-0.45397	7.67993e-4	7.55085e-4	4.504697608
Eflavofasciata	M6	2	1	19010464	19247790	7920000	10360000	-0.149624	0.0458553	296206	7.17555	2.44675	-0.352019	-0.578668	6.61394e-4	6.618e-4	3.552669586
Egorge	M6	3	1	17562600	17649961	8000000	8680000	0.100929	0.0570477	285850	13.4745	2.25417	-0.296709	-0.569282	6.84541e-4	6.85784e-4	3.869264817
Eligea	M6	0	0	18369856	18390426	7680000	9520000	-0.0958222	0.0395376	281203	0.719332	2.56167	-0.27397	-0.573875	0.00234514	0.0022743	3.985854508
Emanto	M6	0	0	18532700	18654892	6120000	11600000	-0.243838	0.0490816	312586	19.5346	2.43078	-0.469118	-0.656069	3.41206e-4	3.40811e-4	2.940722852
Emedusa	M6	7	1	17259240	67860627	2920000	13400000	-0.384008	0.108852	306818	4.5064	2.31809	-0.563652	-0.697049	2.78841e-4	2.79507e-4	1.11926608
Emelampus	M6	1	1	16954977	16958786	7120000	9160000	-0.096236	0.0548185	275233	15.0186	2.28944	-0.319313	-0.542994	4.39463e-4	4.42851e-4	3.722273916
Emelancholica	M6	5	1	17812481	17862493	6320000	10800000	-0.241633	0.0550187	266508	19.3591	2.25693	-0.180683	-0.447863	7.54378e-4	7.59919e-4	3.247304297
Emeolans	M6	5	1	17274699	38091167	5920000	10800000	-0.232373	0.0601611	290431	6.1862	2.15488	-0.675598	-0.7954	3.79404e-4	3.7494e-4	3.090783545
Emnestra	M6	2	1	16157350	31145141	6160000	9480000	-0.230591	-3.03157e-4	267351	6.70043	2.2226	-0.540242	-0.708148	3.96e-4	3.97892e-4	3.50510969
Emontana	M6	6	1	19470061	19790783	9160000	9240000	0.0860123	0.0822097	294000	16.518	2.29164	-0.302196	-0.523188	2.12806e-4	2.12497e-4	3.115143995
Epalarica	M6	5	1	17881306	40024699	4360000	12880000	-0.376342	0.0641436	280085	3.71268	2.54116	-0.928929	-1.02885	9.84093e-4	9.70368e-4	2.679462574
Epharte	M6	4	1	21708787	21904087	3240000	11480000	-0.439671	0.0848372	440617	2.17308	2.71883	-0.784008	-0.840275	0.00251385	0.00251189	3.794670148
Epronoe	M6	5	1	17934967	36587385	12240000	1800000	0.747055	0.197228	395690	1.76841	2.85584	-0.940779	-0.904883	0.00278565	0.00281567	3.306746903
Erondoui	M6	8	8	19594567	17799019	10760000	7557624	0.261284	0.0620384	297403	18.378	2.19676	-0.296024	-0.441223	6.57619e-4	6.55361e-4	3.187807146
Estirius	M6	6	1	18572729	36554421	4760000	12760000	-0.336976	0.0587257	266691	3.91793	2.24435	-0.588988	-0.699098	5.19914e-4	5.22042e-4	2.809856084
Esudetica	M6	1	1	17446608	17579115	6320000	10080000	-0.23743	0.0784864	293379	19.4146	2.38091	-0.352362	-0.616078	3.88231e-4	3.88496e-4	3.791982309
Etriaria	M6	7	1	16892803	24023702	5640000	10440000	-0.238168	0.0358109	281018	12.5954	2.26956	-0.545987	-0.741135	8.10275e-4	8.16706e-4	3.133968956
Mcinxia	M6	0	0	NA	NA	NA	NA	NA	NA	NA	NA	NA	NA	NA	NA	NA	NA
Mjurtina	M6	0	0	14002162	14028866	NA	NA	NA	NA	269725	25.7929	2.1663	-0.145794	-0.266894	3.84344e-4	3.84375e-4	2.851625455
X2575	M6	0	0	19110838	19351164	9120000	8760000	0.15519	0.0454104	264606	3.02981	2.44043	-0.35057	-0.511296	0.00167136	0.00167913	4.133782484
X2576	M6	0	0	19662226	19982366	10080000	8160000	0.193944	0.0602688	291828	2.93688	2.46542	-0.405993	-0.548375	0.00170001	0.00170662	3.48207072
X3252	M6	0	0	20026447	20126997	6880000	11400000	-0.221567	0.0754358	313290	6.34884	2.50072	-0.253641	-0.41498	0.00124697	0.00124455	3.375287474
X3258	M6	4	6	17384114	51726949	11760000	4440000	0.386507	0.0715634	294138	2.22886	2.28965	-0.67314	-0.747818	0.00125424	0.00125923	3.595217147
X3311	M6	4	1	16527281	42165168	8880000	7040000	0.137603	0.0105445	288929	3.00176	2.22909	-0.703235	-0.780031	0.00173772	0.0017475	3.096919806
X3506	M6	4	1	19432112	19454861	9360000	8640000	0.225755	0.0484338	288909	1.24753	2.3728	-0.369564	-0.612675	8.58213e-4	8.62878e-4	5.057545336
X3531	M6	8	8	17626209	58117400	9400000	7360000	0.14756	0.123969	280683	1.07722	2.39951	-0.684775	-0.748983	0.00132376	0.00133448	3.601103377
X3737	M6	4	6	17266247	50890982	9640000	6680000	0.345131	0.0393214	275607	1.29751	2.17952	-0.827494	-0.921502	0.00159375	0.00154752	4.212663647
C0001	M7	5	0	17223919	27845247	5760000	10880000	-0.266196	-0.0974266	257273	4.98397	2.54816	-0.547662	-0.656704	0.00107529	0.00107214	3.015524901
C0055	M7	1	2	18845430	11274700	7640000	9760000	-0.101686	0.0845825	277076	5.23648	2.398	-0.311867	-0.394664	0.00141444	0.00142365	4.157875269
C0080	M7	4	13	17449642	68248669	2000000	14600000	-0.778135	0.112817	259591	1.12525	2.43087	-0.607839	-0.758065	5.10291e-4	5.09463e-4	4.041515858
C0100	M7	3	13	18072102	10474200	8120000	9200000	0.0942714	0.065713	267703	24.2289	2.37699	-0.473415	-0.473415	2.74606e-4	2.73213e-4	3.971519933
Eaethiops	M7	3	0	16968354	32713796	7120000	8400000	-0.117092	0.070517	268048	11.2862	2.73004	-0.517096	-0.547788	8.58041e-4	8.63142e-4	3.132068091
Ealbergana	M7	2	0	17589710	17606522	7080000	8640000	0.11639	0.0175369	1045930	1.71249	3.40554	-0.609528	-0.83439	0.00154301	0.0015442	5.740435564
Ebubastis	M7	0	0	18690767	18699176	6040000	11720000	-0.262341	0.0644484	285453	14.9132	2.27993	-0.307113	-0.458347	2.62e-4	2.65197e-4	3.117377721
Echristi	M7	5	0	20402252	36476290	4040000	15560000	-0.325954	-0.0126734	279812	7.10766	2.54768	-0.61171	-0.666068	3.77669e-4	3.76067e-4	1.035309103
Edisa	M7	0	0	21810289	21983118	7240000	12800000	-0.222374	0.0855241	323076	11.8992	2.21496	-0.33974	-0.525856	6.92209e-4	6.97121e-4	3.249280035
Eembla	M7	0	0	20888664	20931118	8200000	11200000	-0.125609	0.0713688	298862	12.1088	2.18071	-0.335025	-0.480626	0.00150535	0.00150529	3.180451028
Eepiphron	M7	6	0	19696524	35106303	13520000	4440000	0.272631	0.00845191	283868	7.70758	2.16491	-0.82887	-0.90172	0.00126055	0.00126803	0.97021051
Eeriphyle	M7	0	0	18249862	18256205	8960000	8600000	0.143676	0.0461983	266373	7.97809	2.25003	-0.335362	-0.451813	7.87879e-4	7.89641e-4	4.302667701
Eflavofasciata	M7	4	0	19909051	35455226	6160000	12880000	-0.276854	-0.0143518	285897	3.24262	2.51303	-0.584703	-0.634354	7.005e-4	6.98825e-4	2.56653124
Egorge	M7	5	0	17435486	17502186	8400000	8320000	0.0409354	0.0574645	269667	13.6663	2.33253	-0.38672	-0.550083	6.82959e-4	6.82175e-4	3.695809061
Eligea	M7	0	0	19278049	19289355	9720000	8040000	0.268939	0.0490015	280582	0.643403	2.66541	-0.316036	-0.543121	0.0023255	0.00230445	3.564419158
Emanto	M7	0	0	18945433	18957057	6800000	11240000	-0.229643	0.055149	283662	18.9427	2.49201	-0.3184	-0.537255	3.3191e-4	3.32576e-4	3.216976072
Emedusa	M7	4	0	17971680	28822133	4240000	12720000	-0.362885	-0.0418891	293933	11.6726	2.37388	-0.744841	-0.719567	2.77111e-4	2.78993e-4	2.794354081
Emelampus	M7	2	0	17541233	32779340	1840000	14880000	-0.417125	0.0363744	268375	6.81783	2.37148	-0.564538	-0.647472	4.51986e-4	4.52644e-4	2.237579732
Emelancholica	M7	5	2	18056692	18086160	6517148	10880000	-0.221586	0.0473441	313339	19.034	2.30444	-0.291971	-0.449797	7.70788e-4	7.74708e-4	3.136363808
Emeolans	M7	4	0	17671153	32092500	4320000	12720000	-0.282037	0.00851357	279952	7.45964	2.25142	-0.728847	-0.764427	3.696e-4	3.70182e-4	3.106710512
Emnestra	M7	4	0	18403831	66522839	5480000	12080000	-0.304655	-0.135084	269000	2.54977	2.31336	-0.926433	-0.88558	4.31854e-4	4.35207e-4	2.846350561
Emontana	M7	5	2	19983602	20058127	8960000	9720000	0.04298	0.095352	287287	16.3643	2.33355	-0.334866	-0.480758	2.12893e-4	2.1305e-4	2.827910178
Epalarica	M7	4	0	18140893	33035662	9320000	8160000	0.193034	-0.00580952	278726	4.1375	2.58491	-0.971747	-1.00007	0.00101794	0.0010274	2.676479141
Epharte	M7	6	0	22231563	22279140	10440000	4360000	0.372796	0.053955500000000003	486140	2.21231	2.74096	-0.751014	-0.761107	0.00252124	0.00252105	3.860493862
Epronoe	M7	5	2	17998430	47411051	11320000	2960000	0.493758	0.0359973	466027	1.29021	2.93255	-0.948445	-0.824862	0.00273582	0.00275806	2.959174013
Erondoui	M7	4	14	19938431	18776838	6920000	11160000	-0.196841	0.0944204	301109	17.4339	2.28188	-0.295078	-0.493206	6.75399e-4	6.73891e-4	2.954762373
Estirius	M7	5	2	18691401	18701062	6880000	11080000	-0.21913	0.0503848	270776	8.27959	2.32464	-0.391495	-0.524491	5.50579e-4	5.47916e-4	3.319504893
Esudetica	M7	2	0	17750409	33221992	4640000	12200000	-0.382343	0.0674661	284557	9.43081	2.44749	-0.634881	-0.717807	3.69209e-4	3.71359e-4	3.115893604
Etriaria	M7	4	0	17252061	27745043	4960000	11600000	-0.346615	-0.0647083	288034	10.5431	2.34743	-0.626302	-0.720254	8.14e-4	8.18537e-4	3.133652648
Mcinxia	M7	0	0	NA	NA	NA	NA	NA	NA	NA	NA	NA	NA	NA	NA	NA	NA
Mjurtina	M7	0	0	14681997	14700262	NA	NA	NA	NA	265759	24.6961	2.22942	-0.20991	-0.307747	4.00618e-4	4.00618e-4	2.734734495
X2575	M7	0	0	19718796	19738699	9600000	8920000	0.161786	0.0468668	273843	2.80619	2.49756	-0.360009	-0.442527	0.00165063	0.00164869	3.427189008
X2576	M7	0	0	21469336	21476348	9720000	9800000	0.138733	0.06325	304681	2.61114	2.52601	-0.405346	-0.485313	0.00180506	0.00179374	3.297005226
X3252	M7	0	0	20100995	20110659	6600000	12080000	-0.208545	0.0646694	322902	6.51526	2.57834	-0.293029	-0.400257	0.00126197	0.00126186	3.222694832
X3258	M7	6	13	17611912	55816921	13040000	3520000	0.442529	0.0931219	265631	2.1433	2.36384	-0.653061	-0.667772	0.00127361	0.00125565	3.382394431
X3311	M7	4	0	17113241	36203990	8560000	7640000	0.125835	0.0420922	271290	3.77413	2.30312	-0.674931	-0.671863	0.00186897	0.00186423	3.004526282
X3506	M7	4	0	19244074	19714393	9640000	8160000	0.24339	0.0576475	264521	1.19135	2.45636	-0.502116	-0.575949	9.23691e-4	9.3363e-4	4.393118658
X3531	M7	4	14	19735841	58256706	11000000	7240000	0.217952	0.0134412	279275	0.620035	2.47821	-0.973132	-0.857407	0.00137144	0.00136811	4.088557609
X3737	M7	6	13	18399846	73356314	11240000	6080000	0.356762	-0.0638047	258543	0.715709	2.28468	-0.879402	-0.873448	0.00159135	0.0016136	3.637999449
C0001	M8	3	0	18216338	18875693	7320000	10440000	0.0272823	0.0251417	328148	8.00362	2.43299	-0.472604	-0.633568	0.00105393	0.00105137	4.288983021
C0055	M8	1	1	19756106	17243517	5360000	13360000	-0.308242	0.154855	337643	3.91767	2.29846	-0.398219	-0.524044	0.00149391	0.00147722	4.573993555
C0080	M8	2	4	20289458	68248669	4680000	14480000	-0.396454	0.115594	338390	0.82776400000000006	2.36085	-1.06978	-1.02736	5.41428e-4	5.41676e-4	3.967060527
C0100	M8	1	4	21211551	8120670	7040000	13200000	0.0038848	0.0742967	361464	32.9029	2.22388	-0.437684	-0.437684	2.68494e-4	2.70025e-4	4.065545813
Eaethiops	M8	1	0	19162395	19260349	6360000	10800000	-0.121928	0.0987425	312850	20.6359	2.71713	-0.280915	-0.506228	8.43184e-4	8.43849e-4	3.648215546
Ealbergana	M8	1	0	19005146	19060026	7000000	10320000	0.201175	0.0165168	733659	1.58983	3.3824	-0.908272	-1.03409	0.00154828	0.00154289	6.572786883
Ebubastis	M8	0	0	20740624	20762375	6480000	13280000	-0.288638	0.0710433	321565	13.1026	2.13035	-0.355418	-0.578406	2.47679e-4	2.4496e-4	3.9515275500000002
Echristi	M8	1	0	22421479	22529418	16680000	5120000	0.327276	0.0356731	330092	12.2431	2.40134	-0.578267	-0.7113	3.67801e-4	3.68682e-4	3.494243573
Edisa	M8	0	0	23722489	23757824	8359800	13600000	-0.156134	0.0882007	358484	11.0161	2.05568	-0.400609	-0.594776	6.89913e-4	6.92598e-4	4.116824637
Eembla	M8	0	0	22959498	23013346	6800000	14640000	-0.277132	0.0755721	337953	11.1442	2.04029	-0.376454	-0.54653	0.00161287	0.00163148	3.786682899
Eepiphron	M8	4	0	20895990	56014570	17160000	2240000	0.432597	0.133091	315422	4.73128	2.05882	-0.982652	-1.05215	0.00126011	0.00126365	3.516584075
Eeriphyle	M8	0	0	20254541	20294568	8440000	11000000	0.0750739	0.0472744	309935	7.09299	2.11347	-0.39536	-0.571123	7.57058e-4	7.60927e-4	5.962292954
Eflavofasciata	M8	1	0	21896361	21967566	8000000	12840000	-0.135189	0.0560137	343557	6.00725	2.36188	-0.449386	-0.631079	6.54211e-4	6.57182e-4	3.795718835
Egorge	M8	3	0	19219844	33838872	5320000	13360000	-0.348639	0.046041	332891	6.32971	2.19336	-0.722484	-0.809584	6.77394e-4	6.80437e-4	4.143986465
Eligea	M8	0	0	20890418	20922491	10280000	9160000	0.234235	0.0496588	320210	0.611679	2.50869	-0.411981	-0.63057	0.00229267	0.00225147	4.452237384
Emanto	M8	0	0	20915277	20923979	6640000	13240000	-0.252693	0.0595656	312667	17.1147	2.41199	-0.442519	-0.642462	3.26369e-4	3.25079e-4	3.649429235
Emedusa	M8	3	0	19308042	38445556	3560000	14920000	-0.384523	0.122672	355462	8.59977	2.27891	-0.803099	-0.810935	2.69888e-4	2.70752e-4	2.75054606
Emelampus	M8	1	0	19376371	19426758	7400000	11080000	-0.0353037	0.0535145	319140	12.551	2.23392	-0.505484	-0.695374	4.56506e-4	4.5998e-4	4.134970966
Emelancholica	M8	2	0	20042004	20084205	6680000	12520000	-0.23144	0.0545873	356944	16.7736	2.16629	-0.315877	-0.52738	7.32687e-4	7.33135e-4	3.788893129
Emeolans	M8	3	0	19732522	35789766	13880000	5120000	0.302264	0.0475281	313000	6.44631	2.07897	-0.791953	-0.860444	3.76767e-4	3.78745e-4	3.790030535
Emnestra	M8	2	0	18285842	35558176	5480000	12040000	-0.348016	0.0629299	316768	5.69879	2.13669	-0.722364	-0.816451	4.06293e-4	4.03718e-4	3.838688102
Emontana	M8	2	0	21640396	21653219	9280000	11160000	0.0693859	0.0897838	366103	15.1101	2.20158	-0.391369	-0.544458	2.1103e-4	2.10007e-4	3.463187779
Epalarica	M8	3	0	20756229	37589252	8120000	11320000	-0.134177	-0.00274038	338100	3.50403	2.5499	-0.817522	-1.01132	0.00101555	0.00101781	2.707704463
Epharte	M8	4	0	24792682	44668484	3560000	13200000	-0.488969	0.0839037	533244	0.955192	2.68086	-1.0869	-0.812562	0.0025604	0.00254291	4.002696215
Epronoe	M8	2	0	20510889	20546075	4360000	11280000	-0.413198	0.0669694	378808	2.86545	2.78451	-0.800506	-0.779826	0.00265635	0.00265725	3.625982553
Erondoui	M8	1	4	22646723	40398747	19200000	2040000	0.519286	0.234093	345246	7.6685	2.13687	-0.56787	-0.655733	6.72724e-4	6.70273e-4	2.927199646
Estirius	M8	2	0	20847446	20904207	6520000	13200000	-0.276769	0.0628057	329426	7.28115	2.22112	-0.384713	-0.58705	5.14387e-4	5.09735e-4	4.010396329
Esudetica	M8	1	0	19364572	19376484	6000000	12440000	-0.261015	0.066451	320893	17.5462	2.36786	-0.334263	-0.654094	3.67745e-4	3.6874e-4	4.06860016
Etriaria	M8	3	0	19099796	38050333	4400000	13760000	-0.452093	0.102582	316035	7.37144	2.27342	-0.606174	-0.740637	8.11903e-4	8.14168e-4	3.175896707
Mcinxia	M8	0	0	NA	NA	NA	NA	NA	NA	NA	NA	NA	NA	NA	NA	NA	NA
Mjurtina	M8	0	0	16170439	16189854	NA	NA	NA	NA	310680	22.2349	2.09759	-0.338463	-0.43256	3.89125e-4	3.88031e-4	3.61544361
X2575	M8	0	0	22275311	22276981	9080000	11560000	0.11579	0.0576525	336462	2.23333	2.3479	-0.435012	-0.552088	0.00166131	0.00164602	4.628425814
X2576	M8	0	0	23127007	23134379	9080000	12120000	0.0749806	0.0553464	336712	2.17108	2.37279	-0.498478	-0.579226	0.00177106	0.00178079	3.92525878
X3252	M8	0	0	20967591	21044964	6600000	13160000	-0.202947	0.0677909	338717	5.84513	2.51327	-0.251685	-0.404933	0.00125034	0.00125279	3.800725628
X3258	M8	2	4	19152585	34767979	15760000	2080000	0.520436	0.273715	328912	3.92475	2.25186	-0.681621	-0.745649	0.00126871	0.00125102	4.437297359
X3311	M8	2	0	18130775	32477288	7760000	9640000	0.100238	0.0399946	350431	4.02046	2.16443	-0.698361	-0.734523	0.00176877	0.00178075	3.671212926
X3506	M8	2	0	21286207	21314746	10240000	9840000	0.234013	0.0447264	309060	1.04517	2.30924	-0.503122	-0.658985	8.83742e-4	8.77873e-4	5.823359964
X3531	M8	1	4	19431246	35282447	16640000	1720000	0.586364	0.258818	314000	1.4307	2.33179	-0.605157	-0.719882	0.00134494	0.00134558	5.188904492
X3737	M8	2	4	18722763	35266286	10880000	7000000	0.398321	0.26471	319810	2.3506	2.12023	-0.773316	-0.844571	0.00142992	0.00143971	4.795200371
C0001	M9	4	2	18554419	35650991	7120000	11000000	-0.0615178	0.014916	281683	3.57661	2.43518	-0.578416	-0.68228	0.00105755	0.00106328	3.081490943
C0055	M9	1	2	21103477	12586500	6560000	12360000	-0.230457	0.0914056	285375	6.413	2.34418	-0.111994	-0.12813	0.0016214	0.00161657	4.273942708
C0080	M9	7	14	20285544	70805572	5960000	13240000	-0.303216	-0.0399475	332317	0.751631	2.38449	-1.03449	-1.01095	5.43114e-4	5.51936e-4	3.744593239
C0100	M9	6	14	19662118	11530273	8440000	10440000	0.148049	0.0176671	297903	21.9992	2.24089	-5.58759e-4	-5.58759e-4	2.71724e-4	2.71432e-4	4.132540238
Eaethiops	M9	3	1	18414883	32635269	4400000	12760000	-0.331122	0.0412864	296203	11.5815	2.66355	-0.432486	-0.551899	8.63706e-4	8.66238e-4	2.768265701
Ealbergana	M9	2	1	18568553	18660195	6960000	10080000	0.0839799	0.0139714	980625	1.65225	3.33242	-0.77719	-0.974629	0.00154191	0.00154368	5.024034419
Ebubastis	M9	0	0	20283618	20292338	13720000	5520000	0.320193	0.0643473	308143	13.5062	2.21757	-0.176799	-0.492411	2.48411e-4	2.47519e-4	2.81602054
Echristi	M9	6	2	21566842	31060698	5240000	15200000	-0.332245	-3.18742e-5	315081	8.79228	2.44701	-0.50949	-0.694037	3.72236e-4	3.83115e-4	2.789296677
Edisa	M9	0	0	23554908	23608275	6640000	14840000	-0.318452	0.0807283	329140	11.0808	2.10799	-0.2952	-0.56079	7.06435e-4	7.06077e-4	3.120835521
Eembla	M9	0	0	22787126	22854377	6160000	14920000	-0.310733	0.081769	324757	11.2868	2.12618	-0.256889	-0.516342	0.00153343	0.00155115	3.014777257
Eepiphron	M9	7	2	21134249	30646299	5360000	13960000	-0.299545	0.0624565	294632	9.08282	2.10408	-0.766199	-0.91928	0.00129596	0.00128618	2.959461992
Eeriphyle	M9	0	0	20239688	20284429	8800000	10440000	0.178407	0.0525356	286836	6.9141	2.17461	-0.273267	-0.518554	7.56356e-4	7.65733e-4	4.958093306
Eflavofasciata	M9	5	2	21099326	30501528	NA	NA	NA	NA	471000	NA	NA	-0.478478	-0.701428	6.85e-4	6.9165e-4	2.161579629
Egorge	M9	4	2	19125832	36204596	4800000	13520000	-0.366164	0.0269621	293710	5.94836	2.24795	-0.574333	-0.710519	6.69927e-4	6.64639e-4	3.261903343
Eligea	M9	0	0	20709179	20734609	13600000	5600000	0.361319	0.0436253	307141	0.563583	2.56319	-0.307929	-0.594596	0.00214108	0.00210292	3.64462279
Emanto	M9	0	0	20131077	20135130	6520000	12880000	-0.275537	0.0431634	328638	17.6399	2.39849	-0.357466	-0.590962	3.47012e-4	3.51569e-4	3.072751118
Emedusa	M9	4	1	18929093	35828160	2840000	15200000	-0.432041	0.116458	324179	9.89017	2.27099	-0.644857	-0.720118	2.72283e-4	2.70507e-4	1.072808025
Emelampus	M9	2	1	19002618	28151261	5640000	12560000	-0.296433	0.0482775	284391	7.93686	2.29084	-0.449929	-0.657048	4.75164e-4	4.74127e-4	3.183179146
Emelancholica	M9	5	2	19677358	19682385	5680000	13360000	-0.29748	0.0347994	307459	17.1539	2.24765	-0.166057	-0.487164	7.34065e-4	7.35767e-4	2.690411886
Emeolans	M9	4	1	19031911	56828746	1960000	16480000	-0.559145	0.0665704	321534	3.98799	2.13556	-0.584297	-0.736254	3.60904e-4	3.61128e-4	2.253590107
Emnestra	M9	4	2	17397278	32889962	3120000	13680000	-0.580196	0.131456	283068	6.50032	2.19947	-0.485438	-0.700002	4.08816e-4	4.0518e-4	2.641990091
Emontana	M9	5	2	21430685	21505804	5480000	14960000	-0.302481	0.066567	339617	14.9589	2.26356	-0.258078	-0.513958	2.10719e-4	2.10609e-4	2.88847026
Epalarica	M9	4	1	19940546	60991950	880000	18160000	-0.613162	-0.00459156	326483	2.34043	2.51017	-0.800742	-0.97154	0.00101661	0.00103424	2.209016067
Epharte	M9	7	2	22980309	23054343	4600000	11720000	-0.401306	0.0641261	474935	1.80469	2.74009	-0.531844	-0.691503	0.00251291	0.00250601	3.508801895
Epronoe	M9	5	2	19819655	28786611	3880000	11800000	-0.581915	0.122849	446476	1.8453	2.83227	-0.768953	-0.775748	0.00274248	0.00275088	3.435479826
Erondoui	M9	6	15	23041493	20351981	12560000	7400000	0.238406	0.11908	354984	17.4251	2.09177	-0.429044	-0.772029	6.49994e-4	6.49591e-4	4.916602434
Estirius	M9	5	2	20439294	20478810	5760000	13920000	-0.313559	0.0391039	316869	7.51979	2.27046	-0.340714	-0.567885	5.21802e-4	5.15109e-4	2.927551266
Esudetica	M9	2	1	19185663	28323266	6120000	12120000	-0.343356	0.0723383	330255	11.0971	2.36017	-0.508863	-0.713775	3.77325e-4	3.7771e-4	3.453705985
Etriaria	M9	4	1	18572689	33856382	4800000	13080000	-0.39823	0.0738935	302797	8.46463	2.29884	-0.543322	-0.735598	7.98866e-4	8.00493e-4	3.12077779
Mcinxia	M9	0	0	NA	NA	NA	NA	NA	NA	NA	NA	NA	NA	NA	NA	NA	NA
Mjurtina	M9	0	0	15669228	15679882	NA	NA	NA	NA	309323	22.9843	2.14766	-0.36681	-0.420733	3.66071e-4	3.66357e-4	3.14029085
X2575	M9	0	0	21567562	21572355	8520000	11480000	0.118508	0.0453978	304687	2.37708	2.42044	-0.360966	-0.512744	0.00164711	0.00165233	3.315134226
X2576	M9	0	0	22545010	22664527	15280000	5480000	0.335427	0.0641672	343015	2.26019	2.34729	0.182338	-0.43828	0.00171791	0.00172429	3.373813656
X3252	M9	0	0	22399051	22438315	6080000	12840000	-0.22126	0.0634216	350772	6.18109	2.5274	-0.384616	-0.408481	0.00125049	0.00125291	2.887534821
X3258	M9	7	14	19390579	35515812	6080000	12120000	-0.11609	0.0719178	318000	3.21325	2.30138	-0.613795	-0.727644	0.00123766	0.0012338	3.387146375
X3311	M9	4	1	18299803	34884346	5080000	12640000	-0.276798	-0.0230883	305254	3.46661	2.22135	-0.533472	-0.655632	0.0018052	0.00182518	2.696639756
X3506	M9	4	1	21220678	21234523	6320000	13760000	-0.322392	0.0365332	296397	1.04493	2.38217	-0.314858	-0.573019	8.84293e-4	8.99159e-4	3.937849146
X3531	M9	6	15	19944502	36500410	6280000	12560000	-0.215832	0.0382609	280371	1.11869	2.3848	-0.554553	-0.732241	0.00126463	0.0012785	4.173997864
X3737	M9	7	14	18882579	34546244	7200000	10880000	0.128315	0.049833	309250	1.83437	2.17033	-0.6716	-0.809082	0.00151433	0.00148179	4.083835302
C0001	MZ	3	0	22932220	42834750	NA	NA	NA	NA	261779	NA	NA	-0.913205	-0.878548	0.00117459	0.00117582	2.162290926
C0055	MZ	2	0	20405491	39193404	NA	NA	NA	NA	247768	NA	NA	-0.788164	-0.898629	0.00138543	0.00138723	2.492232439
C0080	MZ	3	0	21906109	57446302	NA	NA	NA	NA	277038	NA	NA	-1.2359	-1.19387	5.00658e-4	5.00671e-4	1.369479492
C0100	MZ	2	0	18840813	36212410	NA	NA	NA	NA	235603	NA	NA	-0.811176	-0.83368	2.84436e-4	2.8342e-4	2.049684662
Eaethiops	MZ	3	0	20439917	37891540	NA	NA	NA	NA	276493	NA	NA	-0.58143	-0.645289	7.88581e-4	7.9085e-4	2.146475477
Ealbergana	MZ	3	0	19559627	39378812	NA	NA	NA	NA	673926	NA	NA	-1.39676	-1.51954	0.00159923	0.00161004	1.842238931
Ebubastis	MZ	2	0	21976650	21983855	NA	NA	NA	NA	273145	NA	NA	-0.40641	-0.581978	2.56287e-4	2.58297e-4	2.465800111
Echristi	MZ	5	0	23353369	59666597	NA	NA	NA	NA	262264	NA	NA	-0.905325	-0.822471	3.48574e-4	3.49658e-4	1.155079028
Edisa	MZ	0	0	25759680	25782531	NA	NA	NA	NA	259918	NA	NA	-0.365633	-0.612998	6.75442e-4	6.79653e-4	2.462782464
Eembla	MZ	0	0	27272785	27281910	NA	NA	NA	NA	288667	NA	NA	-0.471598	-0.66907	0.00151613	0.00152802	2.61829962
Eepiphron	MZ	6	0	21549467	55946633	NA	NA	NA	NA	243420	NA	NA	-1.1212	-1.0895	0.00123082	0.00123032	1.926741746
Eeriphyle	MZ	2	0	23259584	23327162	NA	NA	NA	NA	260598	NA	NA	-0.44376	-0.607559	7.8353e-4	7.88102e-4	2.986150656
Eflavofasciata	MZ	4	0	22652636	60306531	NA	NA	NA	NA	271175	NA	NA	-0.841797	-0.784495	6.97696e-4	6.98758e-4	1.971629844
Egorge	MZ	3	0	21870630	41289582	NA	NA	NA	NA	243614	NA	NA	-0.904025	-0.916896	7.12394e-4	7.15412e-4	0.856782092
Eligea	MZ	2	0	21427879	21448851	NA	NA	NA	NA	245412	NA	NA	-0.571706	-0.647984	0.00219144	0.00222861	2.51299832
Emanto	MZ	2	0	21486506	21557115	NA	NA	NA	NA	250560	NA	NA	-0.634088	-0.765017	3.44983e-4	3.44799e-4	2.331578893
Emedusa	MZ	4	0	20375655	56675833	NA	NA	NA	NA	249741	NA	NA	-0.886709	-0.881519	2.71141e-4	2.7119e-4	1.381073186
Emelampus	MZ	3	0	20527994	47278299	NA	NA	NA	NA	263325	NA	NA	-1.16919	-1.08411	4.65932e-4	4.6457e-4	1.036326031
Emelancholica	MZ	4	0	20354749	37865109	NA	NA	NA	NA	246325	NA	NA	-0.632094	-0.715291	7.59235e-4	7.58936e-4	2.028809415
Emeolans	MZ	3	0	20697749	37839251	NA	NA	NA	NA	275635	NA	NA	-0.759766	-0.82243	3.57075e-4	3.55774e-4	1.00733643
Emnestra	MZ	3	0	20974772	38343141	NA	NA	NA	NA	284597	NA	NA	-0.989502	-0.905482	4.08863e-4	4.10023e-4	2.047595795
Emontana	MZ	4	0	23386024	43273759	NA	NA	NA	NA	280926	NA	NA	-0.621414	-0.668182	2.20909e-4	2.18873e-4	0.943626696
Epalarica	MZ	3	0	20982148	38410055	NA	NA	NA	NA	248867	NA	NA	-1.04787	-1.12621	0.00103803	0.00105462	1.734453503
Epharte	MZ	6	0	24867718	45844451	NA	NA	NA	NA	591000	NA	NA	-1.17524	-0.933683	0.00252872	0.00253252	2.103686235
Epronoe	MZ	4	0	19676093	54007186	NA	NA	NA	NA	868455	NA	NA	-1.14204	-1.01506	0.00267179	0.00266325	2.11392617
Erondoui	MZ	4	0	22295516	41620833	NA	NA	NA	NA	287267	NA	NA	-0.631573	-0.704887	6.60392e-4	6.62051e-4	0.987104825
Estirius	MZ	4	0	22920569	41748716	NA	NA	NA	NA	252417	NA	NA	-0.683303	-0.694239	4.9858e-4	4.99539e-4	2.02744751
Esudetica	MZ	3	0	20096345	47802122	NA	NA	NA	NA	277913	NA	NA	-1.13365	-1.03856	3.87177e-4	3.84538e-4	2.22677885
Etriaria	MZ	4	0	21522013	39627365	NA	NA	NA	NA	290068	NA	NA	-0.902316	-0.978702	8.53765e-4	8.48549e-4	1.002026398
Mcinxia	MZ	0	0	NA	NA	NA	NA	NA	NA	NA	NA	NA	NA	NA	NA	NA	NA
Mjurtina	MZ	0	0	17140739	17145195	NA	NA	NA	NA	262984	19.178	NA	-0.463449	-0.486213	4.30231e-4	4.30641e-4	2.047755685
X2575	MZ	2	0	22107421	23052056	NA	NA	NA	NA	260786	NA	NA	-0.384891	-0.489192	0.00160896	0.00162288	2.584764628
X2576	MZ	2	0	23560605	23698105	NA	NA	NA	NA	255198	NA	NA	-0.343342	-0.549757	0.00171545	0.00171452	2.456430962
X3252	MZ	1	0	22312353	42344041	NA	NA	NA	NA	347371	NA	NA	-0.600691	-0.617979	0.00127113	0.00127046	2.227309174
X3258	MZ	3	0	22459924	59643170	NA	NA	NA	NA	283526	NA	NA	-0.930803	-0.806227	0.00127327	0.00127089	2.324321426
X3311	MZ	3	0	18524479	35339010	NA	NA	NA	NA	252514	NA	NA	-0.723723	-0.771536	0.00177839	0.00175505	2.244992891
X3506	MZ	3	0	22077887	41158202	NA	NA	NA	NA	246798	NA	NA	-0.700137	-0.77575	8.86234e-4	8.89934e-4	2.739924385
X3531	MZ	4	0	24740243	62330422	NA	NA	NA	NA	279402	NA	NA	-1.25386	-1.04418	0.00142141	0.00145152	2.562659365
X3737	MZ	3	0	23393797	59681672	NA	NA	NA	NA	256461	NA	NA	-0.988611	-1.03256	0.00148748	0.00147578	2.442363062
